礼貌用语,你好！遇见你真高兴。,侬好，碰到侬交关开心。,szzzzzz
礼貌用语,我很好！你呢？,吾老好额，侬呢？,s4w9zUZ
礼貌用语,我也很好！,吾啊老好额。,sqvKzAf
礼貌用语,你最近怎么样？,侬最近哪能？,s7vJzSo
礼貌用语,一切还好吧？,才好伐？,sBubzst
礼貌用语,都好，谢谢！,才蛮好，谢谢侬。,s0uIz9T
礼貌用语,家人怎么样？,窝里相宁好伐?,s5upzIQ
礼貌用语,和平常一样。,特平常一样额。,sJuWzZA
礼貌用语,有什么好事吗？,有撒好事体伐？,svtgzea
礼貌用语,没有什么特别的。,么撒特别额。,smzpzzk
礼貌用语,你父母呢？还好吧？,拿爸爸妈妈呢， 伊拉好伐？,sezazcM
礼貌用语,他们不错，非常好！,伊拉蛮好，老好额！,suz0zIM
礼貌用语,孩子怎么样？,小宁好伐？,sdyazpg
礼貌用语,一般，不是很好。,一般，伐是老好。,scydzBY
礼貌用语,他正在准备高考。,现在了海准备高考。,sbxbzzJ
礼貌用语,请代我向你全家问好。,代吾帮拿窝里相问好。,sFxez7z
礼貌用语,近来工作如何？,最近工作哪能？,sRxzzWM
礼貌用语,工作很忙，还要自学英语。,工作老忙额，还要自学英文,sXw1z4b
礼貌用语,你呢？过得怎么样？,"侬呢,过了好伐？",sHwZzJ8
礼貌用语,不错，一切顺利。,伐错，一切顺利。,sFw8zUJ
礼貌用语,你好！遇见你真高兴。,侬好，碰到侬交关开心。,szzzzzz
礼貌用语,我很好！你呢？,吾老好额，侬呢？,s4w9zUZ
礼貌用语,我也很好！,吾啊老好额。,sqvKzAf
礼貌用语,你最近怎么样？,侬最近哪能？,s7vJzSo
礼貌用语,一切还好吧？,才好伐？,sBubzst
礼貌用语,都好，谢谢！,才蛮好，谢谢侬。,s0uIz9T
礼貌用语,家人怎么样？,窝里相宁好伐?,s5upzIQ
礼貌用语,和平常一样。,特平常一样额。,sJuWzZA
礼貌用语,有什么好事吗？,有撒好事体伐？,svtgzea
礼貌用语,没有什么特别的。,么撒特别额。,smzpzzk
礼貌用语,你父母呢？还好吧？,拿爸爸妈妈呢， 伊拉好伐？,sezazcM
礼貌用语,他们不错，非常好！,伊拉蛮好，老好额！,suz0zIM
礼貌用语,孩子怎么样？,小宁好伐？,sdyazpg
礼貌用语,一般，不是很好。,一般，伐是老好。,scydzBY
礼貌用语,他正在准备高考。,现在了海准备高考。,sbxbzzJ
礼貌用语,请代我向你全家问好。,代吾帮拿窝里相问好。,sFxez7z
礼貌用语,近来工作如何？,最近工作哪能？,sRxzzWM
礼貌用语,工作很忙，还要自学英语。,工作老忙额，还要自学英文,sXw1z4b
礼貌用语,你呢？过得怎么样？,"侬呢,过了好伐？",sHwZzJ8
礼貌用语,不错，一切顺利。,伐错，一切顺利。,sFw8zUJ
礼貌用语,你身体怎么样？,侬身体哪能？,swvGzvE
礼貌用语,我很好！,吾老好额！,slv8zmH
礼貌用语,一般。,一般。,sLvYzgu
礼貌用语,很糟糕。,老伐好额。,szvAzda
礼貌用语,谢谢你的问候。,谢谢侬额关心。,shvdzbl
礼貌用语,小黄，这是谁呀？,小黄，个是萨宁啊？,sMv3z9B
礼貌用语,这是我的朋友。,个是吾朋友。,suv5z6A
礼貌用语,很高兴认识你。,认得侬老开心额。,snv4z4x
礼貌用语,你贵姓？,侬贵姓？,sbvJz2v
礼貌用语,我姓刘，我叫刘玉。,吾姓刘，叫刘玉,shvlzAG
礼貌用语,你叫什么名字？,侬叫撒名字啊？,s0vrzCC
礼貌用语,我叫张帆。,我叫张帆。,sjvyzFq
礼貌用语,向你介绍我的朋友李明。,帮侬介绍吾额朋友，李明。,s8vczHk
礼貌用语,还是我自己介绍吧。,还是吾自己来介绍伐！,sLvYzJf
礼貌用语,我来自上海。,吾是上海额。,sDvRzLJ
礼貌用语,现在在上海师范大学当老师。,现在了海上海师范大学当老师。,s7vOzM9
礼貌用语,你从哪来？,侬啊里得额啊？,slvJzOw
礼貌用语,你是从广州来的吗？,侬是从广州来额伐？,sfvZzPN
礼貌用语,不是，我来自成都。,伐是，吾是成都额。,sLvwzQ7
礼貌用语,你现在做什么呢？,侬现在做萨额？,s0v6zSG
礼貌用语,我在上海上大学。,我了了上海上大学。,sEvKzUh
礼貌用语,学习难吗？,学习难伐？,s8vDzWC
礼貌用语,不难，我学习很好。,伐难，吾学习老好额。,slvgzY7
礼貌用语,祝你在学习中取得更好的成绩。,祝侬学习取得更好额成绩。,spuZzz6
礼貌用语,很高兴和你谈话。,帮侬刚闲话老开心额。,seubzyb
礼貌用语,请问，李立在吗？,请问，李立了了伐？,sGu1zxG
礼貌用语,不在，他还没回来。,伐了海，伊还么回来。,ssuBzvy
礼貌用语,你知道他什么时候回来吗？,侬晓得伊萨辰光回来伐？,sfuvzuz
礼貌用语,你是小明吧？,侬是小明对伐？,s8unztF
礼貌用语,是的，我就是。你是……,是额，吾是额，侬是？,sGuPzsH
礼貌用语,我是他的同学刘刚。,吾是伊额同学刘刚。,squBzqU
礼貌用语,久仰，久仰。,久仰久仰。,sYukzpt
礼貌用语,李立经常谈起你。,李立经常刚到侬额。,s0uPzni
礼貌用语,我来做个自我介绍。,吾来做则自我介绍。,sMujzlN
礼貌用语,我跟李立是同班同学。,吾特李立是同班同学。,sDuvzjN
礼貌用语,我们是好朋友。我今年二十六岁。,阿拉是好朋友，吾今年26岁。,sbumzhI
礼貌用语,我出生于1984年6月15日。,我是1984年6月15号生额。,s0udzfd
礼貌用语,你今年多大了？,侬今年几岁啊？,sQuUzdI
礼貌用语,你的生日是哪一天？,侬生日啊里一天啊？,sAutzbR
礼貌用语,你喜欢上海吗？,侬欢喜上海伐？,sJuJz9D
礼貌用语,你觉得这里怎么样？,侬觉得个的哪能？,sFuLz7o
礼貌用语,你是来工作的吗？,弄是来工作额伐？,sXu2z5z
礼貌用语,不是， 是来度假的。,伐是额，是来度假额。,sCuwz3l
礼貌用语,你现在要去哪？,侬现在到啊里得去啊？,sguhz1z
礼貌用语,我想去找李立。,吾想去寻李立。,s6u1zAH
礼貌用语,我想跟他一起去世纪公园。,吾想帮伊一道去世纪公园。,smuEzBp
礼貌用语,好啊，明天我们一起去。,好额呀，明朝阿拉一道去。,sYuqzCp
礼貌用语,我们在什么地方集合？,阿拉了了萨地方集合啊？,sYuuzE9
礼貌用语,明天上午10点钟，在食堂门口。,明朝早浪相10点钟， 了了食堂门口头。,sPuLzGd
礼貌用语,请告诉他好吗？,侬帮伊刚一声，好伐？,sCuFzIn
礼貌用语,好的，我一定转告。,好额，我一定帮伊刚。,s9utzKl
礼貌用语,请问，宋明在吗？,请问，宋明了了伐？,smutzMh
礼貌用语,他不在，他出去了。,伊伐了了，伊出去了。,sIuHzNn
礼貌用语,他去什么地方了？,伊去阿里的了？,scuRzPT
礼貌用语,可能在体育馆。,可能了了体育馆。,sSupzQ7
礼貌用语,我们去体育馆看看。,阿拉去体育馆看叫。,sSu2zSG
礼貌用语,你有什么爱好吗？,侬有萨爱好伐？,seugzUR
礼貌用语,我爱好看书。,吾欢喜看书。,sSuZzVc
礼貌用语,找她干什么？,寻伊组撒？,sVuYzXa
礼貌用语,请她帮我补习英语。,请伊帮吾补习英文。,sRu0zZy
礼貌用语,你觉得怎么样？,侬觉则哪能？,svtfzxK
礼貌用语,好吧，就这么定了。,好额，就得能定好了。,smtazvh
礼貌用语,还有别的事吗？,还有别额事体伐？,sktQztC
礼貌用语,我可以吸烟吗？,吾好切香烟伐？,sitDzr5
礼貌用语,不行，绝对不行。,伐来三，绝对伐可以。,sdtUzpv
礼貌用语,我想打个电话，行吗？,吾想打只电话，来三伐？,settzn6
礼貌用语,没问题，请打吧。,么问题，侬打好了。,sItuzlT
礼貌用语,这部手机不错，可以看看吗？,个只手机蛮好额，好看看较伐？,sQthzj4
礼貌用语,当然可以，你看吧。,当然可以，侬看好了。,sMtRzhN
礼貌用语,她怎么还没来？,伊哪能还么回来？,sntNzeL
礼貌用语,那里离这儿多远？,诶米的离个的多少远啊？,s7tCzcl
礼貌用语,你在哪个大学上学？,侬了海阿里只大学读书？,sYtazaH
礼貌用语,你能讲流利的英语吗？,侬好流利额刚英文伐？,sWtCz8s
礼貌用语,你的最高学历是什么？,侬最高学历是萨？,sitmz5k
礼貌用语,我们什么时候开始工作？,阿拉萨辰光开始工作？,s8tqz3I
礼貌用语,承蒙你的帮助，非常感谢。,老谢谢侬帮忙额。,sgtcz1e
礼貌用语,谢谢，谢谢你的好意。,谢谢侬，谢谢侬额好意。,sYtYz0Y
礼貌用语,这次你帮了我很大的忙。,格趟侬帮了吾记大忙了。,svtGzC3
礼貌用语,无论如何，都要感谢你。,伐管哪能，才要谢谢侬额。,smtmzEe
礼貌用语,对你的关怀，我非常感激。,老谢谢侬额关心。,sfz0zzn
礼貌用语,对你的建议，我会认真考虑。,侬额建议，吾会的宁真考虑额。,sPz5zxI
礼貌用语,谢谢你的邀请。,谢谢侬额邀请。,sxzUzuT
礼貌用语,谢谢你的鼓励。,谢谢侬额鼓励。,stzFzss
礼貌用语,谢谢你的祝福。,谢谢侬额祝福。,sWzrzqK
礼貌用语,谢谢你的指导。,谢谢侬额指导。,s1zyznI
礼貌用语,谢谢你的礼物。,谢谢侬额礼物。,s8zQzkZ
礼貌用语,太棒了，谢谢你。,特灵了，谢谢侬。,sXzYziF
礼貌用语,不用客气。,伐要客气。,sWzozgv
礼貌用语,不用谢，我愿意的。,伐要谢，吾啊欢喜额。,sBzezeK
礼貌用语,再一次表示感谢。,再一次表示感谢。,s0zSzcU
礼貌用语,你今天下午有时间吗？,侬今朝下半天有辰光伐？,sIzQzaF
礼貌用语,我想请你去参观科技馆。,吾想请侬去参观科技馆。,sxzxz7r
礼貌用语,对不起，今天下午没有时间。,伐好意思，吾今朝下半天么辰光。,sRzDz6W
礼貌用语,你明天有空吗？,侬明朝有空伐？,sDz8z4S
礼貌用语,这个周末有空吗？,格周末有空伐？,s4zez2i
礼貌用语,我想到家中拜访你。,吾想到侬窝里看侬。,sgz9z0L
礼貌用语,恐怕不行。,大概伐来赛。,slzqzB6
礼貌用语,别的时间行吗？,别额辰光来赛伐？,sPzuzCj
礼貌用语,今晚我有空。,今朝夜里吾有空。,s2zozEZ
礼貌用语,好吧，今晚我们一起去看电影。,好额，今朝夜到阿拉一道去看电影。,sizmzID
礼貌用语,去时叫上黄丽。,去额晨光叫黄丽一道。,sAzWzKP
礼貌用语,我们在哪见面？,阿拉了海阿里的碰头？,sYzUzMU
礼貌用语,你什么时候方便？,侬萨辰光方便？,sZz5zPq
礼貌用语,下午5点钟怎么样？,下半天5点钟哪能？,sgzmzSf
礼貌用语,电影院 ，不见不散。,电影院，伐见伐散。,spz9zVP
礼貌用语,黄丽，我想到你家来看看。,黄丽，吾想到侬窝里看看叫。,s2zhzYx
礼貌用语,请带上你的先生到我这来玩吧。,请带侬先生一道来白相好了。,sJyOzyO
礼貌用语,我们全家欢迎你。,阿拉窝里相额宁才欢迎侬。,s2yzzvT
礼貌用语,明天是我的生日。,明朝是吾额生日。,sCyGzsY
礼貌用语,我想请你参加我的生日聚会。,吾想请侬参加吾额生日聚会。,s5ykzpl
礼貌用语,你能来吗？,侬来好伐？,s0yvznf
礼貌用语,我非常高兴接受你的邀请。,吾非常高兴接受侬额邀请。,swyFzkD
礼貌用语,我们去吃南翔小笼包，好吗？,阿拉去切南翔小笼好伐？,seyzzi5
礼貌用语,冷艳，棒极了。,冷艳，老灵额。,sPyPzgh
礼貌用语,你也够出色的。,侬好蛮好额。,sCyHzds
礼貌用语,我们表现得都很好。,阿拉才表现得老好额。,siyPzaN
礼貌用语,范刚，你今天看起来不错。,范刚，侬今朝看起来伐错。,sfy0z7P
礼貌用语,你的发型做的不错。,侬额头发做了蛮好额。,sDyuz4b
礼貌用语,你穿的衣服很得体。,侬穿额衣裳老得体额。,sCy7z15
礼貌用语,你今天真漂亮。,侬今朝老好看额。,s2yBzBn
礼貌用语,你好迷人啊。,侬老吸引宁额。,suyGzEl
礼貌用语,你的英语讲得真好。,侬额英文刚了交关好。,sryszG1
礼貌用语,你的口语真好。,侬额口语增好。,s9ySzIw
礼貌用语,你真不简单。,侬增伐容易。,s3ydzKr
礼貌用语,你过奖了。,侬过奖了。,sHypzM2
礼貌用语,王强，你看看，多漂亮的地方啊！,王强，侬看看，格地方多少漂亮啊。,spyNzPn
礼貌用语,溪水，草地，木屋……太美妙了_2E,溪水，草地，木房子，特灵了。,skyVzSA
礼貌用语,蓝天、白云多么引人入胜啊！,蓝天，白云，老灵老灵额。,sTyzzUH
礼貌用语,请不要着急。,请侬伐要急。,sDywzXi
礼貌用语,一切都会好的。,才会的好额。,s0xBzzC
礼貌用语,没什么可担心的。,么撒好担心额。,s2xzzwP
礼貌用语,不会那么糟。,伐会的嘎差额。,sexOzs1
礼貌用语,事情总会有解决的办法。,事体总归有的解决额办法额。,swxyzpR
礼貌用语,不用多想了。,伐要多想了。,sAx0zno
礼貌用语,这没什么可怕的。,格有萨吓宁额。,sPxWzlJ
礼貌用语,我理解你的心情。,吾理解侬额心情。,s6xGziQ
礼貌用语,你应该看到好的一面。,侬应该往好额一面看。,sCxXzfc
礼貌用语,你要尽最大的努力去完成。,侬要尽最大额努力去完成。,sxxzzcT
礼貌用语,别灰心，再试一次。,伐要灰心，再试一趟。,sJxSzaC
礼貌用语,加油，振作起来。,加油，振作起来。,sRxnz7e
礼貌用语,你一定会成功的。,侬一定会的成功额。,szxyz3W
礼貌用语,相信自己。,相信自己。,sUxoz18
礼貌用语,继续努力。,继续努力。,snxjzCw
礼貌用语,你明年一定会赢的。,侬明年一定会的赢额。,s1xdzFv
礼貌用语,我要走了，我来向你道别。,吾要走了，吾是来帮弄再会额。,s0x6zIy
礼貌用语,我在这里过得非常开心。,吾了格的过了交关开心。,sixszLi
礼貌用语,这几天来给你添了很多麻烦。,格几天麻烦侬了。,sJxQzO4
礼貌用语,你不能多住几天吗？,侬好多住几天伐啦？,sFxhzRU
礼貌用语,我得回去了。,吾要回去了。,sixXzUv
礼貌用语,我该走了。,吾该跑了。,szxczXv
礼貌用语,我必须告辞了。,吾必须先走了。,sewjzzW
礼貌用语,你什么时候走？,侬萨辰光走？,sWwHzw6
礼貌用语,明天下午两点半的飞机。,明朝下半天两点半额飞机。,s8wIzsk
礼貌用语,我到机场给你送别。,吾到机场去送侬。,s4wzzpy
礼貌用语,谢谢你来送我。,谢谢侬来送吾。,sFwyzmJ
礼貌用语,再见，祝你一路平安。,再会，祝侬一路平安。,sGw8zi8
礼貌用语,别忘了给我打电话。这么快就走，太遗憾了。,伐要忘记特帮吾打电话，嘎快就走了，老遗憾额。,sCwLzfK
礼貌用语,你什么时候再来？,侬萨晨光再来？,sJwhzbi
礼貌用语,我还不知道。,吾啊伐晓得。,sdw7z7E
礼貌用语,记得常来看我。,记得经常来看看吾。,smwfz39
日常用语,该起床了。,好爬起来了。,sUwtzO4
日常用语,醒醒吧，已经6点10分了。,醒醒呀，已经6点10分了。,sSwEzPD
日常用语,你每天不是6点起床吗？,侬伐是每天6点钟起来额吗。,suwlzRe
日常用语,今天怎么睡懒觉呢？,今朝哪能懒觉了啦。,sewbzS1
日常用语,快起，快点起床。,快点，快点爬起来。,s4wqzTz
日常用语,我很困，昨夜我睡不着。,吾老萨度额，昨天夜里伐着。,sQwEzUC
日常用语,你还去上班吗？,侬还去上班伐。,sZwgzVF
日常用语,去呀，我马上起。,去额呀，吾马上去。,swwuzXe
日常用语,快点穿衣服。,快点穿衣裳。,srw5zYr
日常用语,今天有点冷，把毛衣穿上。,今朝有点冷，穿绒线衫。,sWwOzY1
日常用语,我还没洗脸哪。,吾还么咖面来。,sQwkzZO
日常用语,快去洗脸、刷牙。,快点去咖面，刷牙齿。,sDvizzf
日常用语,你得快点了。,侬要快点了。,s6v0zyv
日常用语,我还得化妆哪。,吾还想化妆来。,sfvPzx3
日常用语,你早饭想吃什么？,侬早饭想切萨？,smvbzwS
日常用语,我到单位去吃。,吾到单位去切。,snvozvz
日常用语,把鞋带系好。,鞋带搏好。,syvczud
日常用语,快点走吧，否则赶不上班车了。,快走，慢交赶不上班车了。,sVvUzuy
日常用语,快点儿，不然就要以迟到了。,快点，否则要迟到了。,sTvdztI
日常用语,我要整理房间。,吾要整理房间。,sPvnzsh
日常用语,该起床了。,好爬起来了。,sUwtzO4
日常用语,醒醒吧，已经6点10分了。,醒醒呀，已经6点10分了。,sSwEzPD
日常用语,你每天不是6点起床吗？,侬伐是每天6点钟起来额吗。,suwlzRe
日常用语,今天怎么睡懒觉呢？,今朝哪能懒觉了啦。,sewbzS1
日常用语,快起，快点起床。,快点，快点爬起来。,s4wqzTz
日常用语,我很困，昨夜我睡不着。,吾老萨度额，昨天夜里伐着。,sQwEzUC
日常用语,你还去上班吗？,侬还去上班伐。,sZwgzVF
日常用语,去呀，我马上起。,去额呀，吾马上去。,swwuzXe
日常用语,快点穿衣服。,快点穿衣裳。,srw5zYr
日常用语,今天有点冷，把毛衣穿上。,今朝有点冷，穿绒线衫。,sWwOzY1
日常用语,我还没洗脸哪。,吾还么咖面来。,sQwkzZO
日常用语,快去洗脸、刷牙。,快点去咖面，刷牙齿。,sDvizzf
日常用语,你得快点了。,侬要快点了。,s6v0zyv
日常用语,我还得化妆哪。,吾还想化妆来。,sfvPzx3
日常用语,你早饭想吃什么？,侬早饭想切萨？,smvbzwS
日常用语,我到单位去吃。,吾到单位去切。,snvozvz
日常用语,把鞋带系好。,鞋带搏好。,syvczud
日常用语,快点走吧，否则赶不上班车了。,快走，慢交赶不上班车了。,sVvUzuy
日常用语,快点儿，不然就要以迟到了。,快点，否则要迟到了。,sTvdztI
日常用语,我要整理房间。,吾要整理房间。,sPvnzsh
日常用语,我要收拾脏衣物。,吾要收作龌龊衣裳。,sIv3zrP
日常用语,我还要擦擦桌子扫扫地。,吾还要擦擦台子扫扫地。,s1vczqC
日常用语,然后清理垃圾。,慢交清理垃圾。,s8vOzpS
日常用语,接着把湿衣服晒出去。,随后挠湿衣裳晾出去。,sfvbzol
日常用语,还要买菜、买肉、买日用品。,还要买菜，买肉，买日用品。,skvMznQ
日常用语,别忘了要桶纯净水。,伐要忘记特买桶纯净水。,sdvizmC
日常用语,洗衣、做饭真够忙的。,洗衣裳，烧饭，老忙额。,sdvyzlU
日常用语,在家休息一天，比上班还累。,等了窝里相休息一天，比上班还要吃力。,sevSzkV
日常用语,现在我下楼去晨练。,现在吾下去晨练。,sivNziK
日常用语,把门锁好。,挠门锁好。,sDvrzhj
日常用语,新的一天开始了。,新额一天开始了。,sKvtzhk
日常用语,妈妈，今天要有朋友到家里玩。,妈妈，今朝有朋友到窝里相来白相。,sUvfzh6
日常用语,好啊，是男孩还是女孩。,好额，男小宁还是小姑娘啊？,slvyzgo
日常用语,是我的女朋友。,是吾女朋友。,s6vrzgL
日常用语,快把房间打扫干净。,快点挠房间收作清爽。,sAvYzgG
日常用语,好的，我一定会干好的。,好额，吾一定会的弄好额。,sSv4zgt
日常用语,叫你爸爸去买些菜。,叫拿爸爸买点菜回来。,srvIzfu
日常用语,这位是我的女朋友杨雪。,格是吾额女朋友杨雪。,sdvgzfi
日常用语,我向你介绍我的家庭成员。,帮侬介绍吾窝里相宁。,sAvZzfT
日常用语,这是我的爷爷奶奶。,格是吾额爷爷，奶奶。,sPvkzf2
日常用语,这是我的妈妈。,格是吾妈妈。,sxvQzeJ
日常用语,她是一个好母亲。,伊是一额好妈妈。,smvazeo
日常用语,我很尊敬我的母亲。,吾老尊重阿拉妈妈额。,savjze3
日常用语,我爸爸去买菜了。,阿拉爸爸买菜去了。,sCvmzei
日常用语,他总是把工作放在首位。,伊总归工作第一。,sOv4zeA
日常用语,这位是我的姐姐。,格是吾姐姐。,stvTzdW
日常用语,这位是林欢，我姐姐的丈夫。,格是林欢，阿拉姐姐额爱人。,sjvxzdK
日常用语,我没有哥哥、弟弟和妹妹。,吾么哥哥，弟弟，妹妹。,s3v6zdm
日常用语,但我有一个小外甥。,伐过，吾有一额小外甥。,sMvyzdL
日常用语,他长的很帅，很健壮。,伊长了老帅额，老强壮额。,sZvCzdX
日常用语,他在家就热闹了。,伊了了窝里就闹猛了。,skvbzcZ
日常用语,我们全家都喜欢他。,阿拉窝里相额宁才欢喜伊。,s7v0zcl
日常用语,你们家里的人很好呀。,拿窝里相宁老好额。,sIvezcj
日常用语,我们家是四世同堂。,阿拉窝里相是四世同堂。,sTvfzcF
日常用语,以后如果我们结婚了。,下趟要是阿拉结婚了。,ssvAzbg
日常用语,会有个儿子或女儿。,会的有儿子或者女儿。,s7vAzb7
日常用语,他（她）就会有外公外婆。,伊就会的有外公外婆。,sEvzzbP
日常用语,到那时我家的亲戚就更多了。,到格晨光，阿拉亲眷就更加多了。,sQvXzbA
日常用语,杨雪，我还有很多好朋友。,杨雪，吾还有老多好朋友。,ssvbzaw
日常用语,一起长大的伙伴和上学时的同学。,一道长大额朋友帮读书晨光额朋友。,scvcza0
日常用语,我们彼此有很好的友情。,阿拉关系才老好额。,sIvqzaH
日常用语,有机会我介绍你认识他们。,有机会吾介绍那认得。,sTvAzav
日常用语,你听，邻居家又不知吵什么呢。,侬听，邻居伐晓得了了吵萨。,stvXz9N
日常用语,我们刚搬到这里。,阿拉刚刚搬到格的。,sdvJz9P
日常用语,是一对结婚四五年的夫妇。,是一对结婚四五年额夫妻。,s3vYz9w
日常用语,经常争吵不休。,经常吵相骂额。,sZvGz9Q
日常用语,两人很难有统一的观点。,两额宁总归观点伐一样。,sqvjz8C
日常用语,太烦人了。,特烦了。,sdvRz8O
日常用语,但是，现在好多了。,伐过，现在好交关了。,s5vjz8L
日常用语,我对他们讲，恋爱时是朋友。,吾帮伊拉刚，谈朋友额晨光是朋友。,sHvzz8x
日常用语,婚后应该是更好的朋友。,结婚以后，应该是更嘎好额朋友。,szvkz7M
日常用语,我经常约他们散步，聊天。,吾经常约伊拉散步，聊天。,sgvhz7x
日常用语,我们也成了朋友。,阿拉啊成为好朋友了。,s1vQz7A
日常用语,我们有很多共同的爱好。,阿拉有老多共同爱好。,sLvNz7e
日常用语,都喜欢大自然。,才欢喜自然。,sWv0z7j
日常用语,他爱好摄影。,伊欢喜摄影。,smvsz6y
日常用语,我爱好爬山。,吾欢喜爬山。,sdvxz6e
日常用语,我们都是旅游迷。,阿拉才是旅游迷。,s5vgz6m
日常用语,快走遍了祖国的山山水水。,快要走遍阿拉国家额山山水水了。,sDvSz6Z
日常用语,我们今年还相约去香港、澳门。,阿拉今年阿约好去香港，澳门。,sUvgz67
日常用语,将来更想去祖国的宝岛台湾。,将来想要到阿拉国家额宝岛台湾。,sqvEz53
日常用语,我在全国有很多朋友。,吾了了全国有老多朋友。,s9vvz5Z
日常用语,有句话说的好：,有句言话刚了好。,sCvOz5j
日常用语,财富不是一辈子的朋友。,财富伐是一辈子额朋友。,sMvpz51
日常用语,朋友都是一辈子的财富。,朋友才是一辈子额财富。,sZv1z5i
日常用语,你好，你的信早已收到。,侬好，侬额信老早收到了。,sdvvz4O
日常用语,很抱歉，没有及时给你回信。,老伐好意思额，么及时回信把侬。,sBvDz4d
日常用语,现在的电信业很发达。,现在电信业老发达额。,sTvqz4k
日常用语,以后给我发电子邮件吧。,下趟帮吾发电子邮件好了。,suvFz3x
日常用语,我的网址是……,吾额网址是……,shvBz3N
日常用语,我现在有些懒了。,吾现在有点懒了。,s8vtz3q
日常用语,好久没有给你写信了。,老长辰光没写信把弄了。,sBvfz3c
日常用语,还是先去打个电话吧。,还是先去打扎电话算了。,sPvqz3w
日常用语,喂，小李吗？,喂，小李是伐？,syvEz2Q
日常用语,不是，你是谁？,伐是，侬是萨宁？,smv3z2o
日常用语,我是刘刚。,吾是刘刚。,s3vez24
日常用语,能帮我叫一下小李吗？,能帮吾叫声小李伐？,sFvVz2i
日常用语,请稍等，他好像出去了。,侬等等，伊好像出去了。,sRvMz2C
日常用语,等他回来让他给我回个电话。,等伊回来让伊打电话把吾。,sqvJz16
日常用语,他知道你的电话号码吗？,伊晓得侬电话号头伐？,sav4z14
日常用语,请留下你的姓名和电话。,侬留留侬额姓名脱电话。,sFviz12
日常用语,我的手机号码是：12345678901,吾额手机号头是 12345678901。,sUvaz1s
日常用语,好的，我记下了。,好额，吾记下来了。,s8vxz0x
日常用语,30分钟后让他给你回电话。,过30分钟让伊回电话把侬。,sDvLz0g
日常用语,小李，刚才有你一个电话。,小李，刚刚有则电话寻侬。,sUvaz0j
日常用语,是谁打来的？,是萨宁打来额。,s4vCzAa
日常用语,这是他的姓名和电话。,格是伊额姓名特电话。,sGvpzAR
日常用语,哦，知道了。谢谢！,哦，晓得了，谢谢。,sSvUzAr
日常用语,喂，你好！我想找刘先生。,喂，侬好，吾想寻刘先生。,stvizBR
日常用语,请问你是哪位呀？,请问侬是阿里位？,scvAzBj
日常用语,请大点声。,请侬刚响点。,s2vczB3
日常用语,我听不清你说话。,吾听伐清爽侬刚言话。,sIvdzBV
日常用语,我找刘刚。,吾寻刘刚。,sWvozBB
日常用语,你好像打错电话了。,侬好像打错特电话了。,stvazCP
日常用语,打扰了，请帮我转过去行吗？,伐好意思，请帮吾转过去来三伐？,sgvdzCA
日常用语,我找刘刚有急事。,吾寻刘刚有急事体。,sIvwzCW
日常用语,1011121314,1011121314,sTvHzCN
日常用语,1516171819,1516171819,skvrzDd
日常用语,2030405060,2030405060,sEv6zDC
日常用语,708090100,708090100,svv6zEf
日常用语,百千万亿,百千万亿,savGzE9
日常用语,你是什么时候来的？,侬是萨辰光来额？,sIvizEJ
日常用语,我是去年7月份到这里的。,吾是去年七月份来额。,sTv5zEC
日常用语,马上就到1年了。,马上要一年了。,stvzzFa
日常用语,你是2006年毕业的吗？,侬是2006年毕业额伐？,sbvWzF6
日常用语,不是，我是2004年毕业的。,伐是额，吾是2004年毕业额。,sCvYzFD
日常用语,你已经工作5年了。,侬已经工作5年了。,sWvlzFc
日常用语,是的，快6年了。,是额，快6年了。,srvXzGE
日常用语,这几年我一直努力工作。,格几年吾一直努力工作。,sfvbzGy
日常用语,请问几点了？,请问，几点钟了？,s0vWzG0
日常用语,我看一下表。,吾看交。,sMvyzGb
日常用语,现在是5点30分了。,现在是5点半。,sTvRzGg
日常用语,到下班的时间了。,到下班辰光了。,svvuzH2
日常用语,我下午6点钟回家。,吾下半天6点钟回去。,slvRzH7
日常用语,晚上7点20分吃饭。,夜到7点20分切饭。,sEvYzH8
日常用语,8点钟左右看电视。,8点钟左右看电视。,sSvdzHp
日常用语,10点30分睡觉。,10点半觉。,swvrzIu
日常用语,睡觉前我还要看半个小时的书。,觉前头吾还要看半额钟头额书。,smv6zIw
日常用语,早晨，我把闹钟上到5点40分。,早浪相，吾挠闹钟开到5点40分。,s5vYzIW
日常用语,每晚睡7-8个小时。,每天7-8额钟头。,sOv7zIp
日常用语,今天闹钟没响。,今朝闹钟么响。,syvozJ8
日常用语,我的表停了。,吾额表停特了。,sovXzJd
日常用语,因为它没有电了。,因为伊么电了。,sdvWzJL
日常用语,所以今天我上班迟到了。,所以吾今朝上班迟到了。,s2vIzJG
日常用语,中午，我要去修一下我的表。,中浪相，吾要去修吾额表。,sWvXzJJ
日常用语,现在快12点了。,现在快12点钟了。,smvpzKI
日常用语,现在12点整。,现在正好12点钟。,sbvBzKu
日常用语,现在是12点多了。,现在12点多了。,sBvLzKf
日常用语,还来得及吗？,还来得及伐？,sMvYzKm
日常用语,时间到了。,晨光到了。,sVvTzK2
日常用语,我们要珍惜时间。,阿拉要珍惜晨光。,svvczLT
日常用语,时间就是金钱。,晨光就是钞票。,slv4zLc
日常用语,今天是星期几？,今朝礼拜几？,sbvuzLq
日常用语,今天是星期六。,今朝礼拜六。,s4vVzLv
日常用语,昨天是星期五。,昨天礼拜五。,sLv5zLp
日常用语,前天是星期四。,前天礼拜四。,sTvYzL3
日常用语,明天是星期日。,明朝礼拜天。,sxvkzMb
日常用语,后天是星期一。,后天礼拜一。,sqvRzMP
日常用语,星期五,,siv5zMj
日常用语,星期六,,scvxzMB
日常用语,星期日,,sIvqzM5
日常用语,上星期,上额礼拜。,sNvOzM0
日常用语,这星期,个额礼拜。,sUvMzM1
日常用语,下星期,下额礼拜。,syv2zNw
日常用语,现在是几月？,现在是几月份？,srvpzNO
日常用语,现在是3月。,现在是三月份。,sjv1zN9
日常用语,今天是几月几日？,今朝是几月几号？,sav6zNK
日常用语,今天是3月10日。,今朝是三月10号。,sAvGzND
日常用语,马上就到3月15日了。,马上就要三月15号了。,sMvfzN5
日常用语,“3_2E15”是消费者权益日。,“3.15”是消费者权益日。,sYvJzN2
日常用语,下个月是几月？,下个号头是几月？,sbvuzOe
日常用语,下个月是四月。,下个月是四月。,s2vfzOT
日常用语,一月,,sHvyzOa
日常用语,二月,,sLvOzO0
日常用语,三月,,sQvBzOJ
日常用语,四月,,sWvpzOv
日常用语,五月,,sxvxzPD
日常用语,六月,,ssvpzPy
日常用语,七月,,sovXzPo
日常用语,八月,,sjv3zPR
日常用语,九月,,s4vZzPn
日常用语,十月,,sAv1zPS
日常用语,十一月,,sFv7zPM
日常用语,十二月,,sKvAzPp
日常用语,今天天气怎么样？,今朝天气哪能？,sPv5zPv
日常用语,天气预报说今天是个好天气。,天气预报刚今朝是好天气。,sWvTzPy
日常用语,气温如何？,温度哪能？,spvczQ6
日常用语,不冷也不热。,伐冷啊伐热。,sjvxzQ1
日常用语,是个阳光明媚的春天。,是阳光明媚额春天。,scvLzQJ
日常用语,前两天刮大风，天气还真冷。,前两天刮大风，天气增冷。,s2vTzQm
日常用语,上海的冬天寒风飕飕。,上海冬天冷风飕飕额。,sXvezQL
日常用语,会下雪吗？,会的落雪伐？,srv1zRE
日常用语,偶尔会下雪。,难般会的落雪。,skvQzRR
日常用语,今年就下了一场大雪。,今年就落了一场大雪。,scvdzR1
日常用语,上海的春天，天气晴朗。,上海额春天，天气晴朗。,s1vezRX
日常用语,一天比一天暖和。,一天比一天暖热。,sLvazR7
日常用语,气温升得很快。,气温升得老快额。,sUv8zR3
日常用语,零上十度。,零上10度。,svvezS3
日常用语,但天气变化很大。,伐过天气变化老大额。,spvlzSu
日常用语,明天会怎么样？,明朝会的哪能？,sevEzS7
日常用语,听听今天的天气预报吧。,听听今朝额天气预报好了。,sJv5zS9
日常用语,3月16日，阴，有小雨。,3月16号，阴，有小雨。,sWvzzSm
日常用语,会下雨吗？,会的落雨伐。,smvozTS
日常用语,晚春的时候经常会下雨。,晚春额晨光经常要落雨额。,sgvbzTF
日常用语,春天风也很大。,春天风啊老大额。,s3vMzTb
日常用语,有时候会刮四五级大风。,有辰光会的刮四五级大风。,sGvdzTp
日常用语,夏季呢？,夏天呢？,sTvazTF
日常用语,天气很热。,天气老热额。,sXvLzTR
日常用语,夏天的平均气温28摄氏度左右。,夏天额平均温度是28度左右。,suvpzUO
日常用语,但最热时热情气温可达到39摄氏度左右。,伐过最热额晨光气温要到39度左右了。,sfvazUr
日常用语,这样的天气非常热。,格的天气老热额。,sRvjzUu
日常用语,太阳火辣辣的。,太阳辣花花额。,szvozVa
日常用语,热得要死。,热的要西。,ssvAzVd
日常用语,但夏天一过，那将是上海最好的季节。,伐过夏天一过，就到上海最好额季节。,slvszVc
日常用语,秋天，天气非常好。,秋天，天气老好额。,s4vKzVz
日常用语,气温非常宜人。,温度老适宜额。,sHvizVs
日常用语,天空很高，很蓝。,天老高，老蓝额。,sQvazVV
日常用语,微风轻拂，秋高气爽。,微风吹吹，秋高气爽。,szvEzWq
日常用语,不冷不热。,伐冷伐热。,smvAzWU
日常用语,真是太舒服了。,真是特适宜了。,sgvNzWH
生活用语,早上好，该吃早饭了。,早，切早饭了。,sFvjzXB
生活用语,我不吃，我到单位食堂去吃。,吾伐切，吾到单位食堂去切。,sOvuzXo
生活用语,你吃早饭了吗？,侬早饭切过伐？,sxvzzYB
生活用语,还没吃。,还没切。,sqvhzYO
生活用语,你喜欢吃什么？,侬欢喜切萨？,savXzYg
生活用语,我喜欢吃面包，喝牛奶。,吾欢喜切面包，喝牛奶。,s3vBzYv
生活用语,能吃饱吗？,切得饱伐？,sJv8zYu
生活用语,可以，我早饭吃得不多。,可以额，吾早饭切了伐多额。,sOvLzYX
生活用语,我吃得很多。,吾切了老多额。,sxvjzZa
生活用语,我要吃一碗豆浆，一根油条，一个煎鸡蛋。,吾要切一碗豆浆，一根油条，一只荷包蛋。,sqvMzZt
生活用语,我已经饿了。,吾已经饿了,s4vnzZF
生活用语,午饭我们去吃中餐还是西餐？,中饭阿拉切中餐还是西餐？,sBvazZ7
生活用语,我们就吃点快餐吧。,阿拉就切点快餐好了。,sPv8zZC
生活用语,那我们就去吃“肯德基”。,个么阿拉就去切“肯德基”。,sZv0zZt
生活用语,请给我两个汉堡。,请把吾两只汉堡。,sbuczzn
生活用语,请给我一杯热咖啡。,请把吾一杯热咖啡。,s2uhzz3
生活用语,我要一份冰淇淋。,吾要一份冰激凌。,sGufzzA
生活用语,勺子,调羹,sNu3zzw
生活用语,叉子,叉子,sSuDzz8
生活用语,刀子,刀,sXutzzc
生活用语,早上好，该吃早饭了。,早，切早饭了。,sFvjzXB
生活用语,我不吃，我到单位食堂去吃。,吾伐切，吾到单位食堂去切。,sOvuzXo
生活用语,你吃早饭了吗？,侬早饭切过伐？,sxvzzYB
生活用语,还没吃。,还没切。,sqvhzYO
生活用语,你喜欢吃什么？,侬欢喜切萨？,savXzYg
生活用语,我喜欢吃面包，喝牛奶。,吾欢喜切面包，喝牛奶。,s3vBzYv
生活用语,能吃饱吗？,切得饱伐？,sJv8zYu
生活用语,可以，我早饭吃得不多。,可以额，吾早饭切了伐多额。,sOvLzYX
生活用语,我吃得很多。,吾切了老多额。,sxvjzZa
生活用语,我要吃一碗豆浆，一根油条，一个煎鸡蛋。,吾要切一碗豆浆，一根油条，一只荷包蛋。,sqvMzZt
生活用语,我已经饿了。,吾已经饿了,s4vnzZF
生活用语,午饭我们去吃中餐还是西餐？,中饭阿拉切中餐还是西餐？,sBvazZ7
生活用语,我们就吃点快餐吧。,阿拉就切点快餐好了。,sPv8zZC
生活用语,那我们就去吃“肯德基”。,个么阿拉就去切“肯德基”。,sZv0zZt
生活用语,请给我两个汉堡。,请把吾两只汉堡。,sbuczzn
生活用语,请给我一杯热咖啡。,请把吾一杯热咖啡。,s2uhzz3
生活用语,我要一份冰淇淋。,吾要一份冰激凌。,sGufzzA
生活用语,勺子,调羹,sNu3zzw
生活用语,叉子,叉子,sSuDzz8
生活用语,刀子,刀,sXutzzc
生活用语,盘子,盘子,szuHzyc
生活用语,杯子,杯子,suuizyw
生活用语,餐巾纸,餐巾纸,spuBzyV
生活用语,黄油,黄油,sjuOzyI
生活用语,果浆,果浆,s1u1zyD
生活用语,香肠,香肠,sCuOzyu
生活用语,咖啡,咖啡,sHuVzy6
生活用语,白酒,白酒,sNuqzyB
生活用语,啤酒,啤酒,sRu4zyN
生活用语,矿泉水,矿泉水,sWuuzy6
生活用语,可口可乐,可口可乐,syuRzxh
生活用语,今天晚上你想吃点什么？,今朝夜里侬想切点萨？,ssuazxD
生活用语,我们去吃南翔小笼包。,阿拉去切南翔小笼包。,shuQzxz
生活用语,我觉得太油腻，不想吃。,吾觉得特油腻了，伐想切。,s6uIzxF
生活用语,我们去吃点清淡的菜吧。,阿拉去切点清淡额菜好了。,sRuLzx0
生活用语,那我们就去吃新素代。,个么阿拉去切新素代。,syuMzwg
生活用语,你们有几位？,(亻那)几位？,souTzwN
生活用语,我们有五位。,阿拉五额宁。,sjukzwZ
生活用语,今天有什么特色的菜？,今朝有点撒额特色菜?,scuzzw5
生活用语,给你一份菜单看看。,把拿份菜单看看。 ,s2uFzwG
生活用语,鸡蛋炒西红柿。,番茄炒蛋。,sFuhzws
生活用语,红烧豆腐。,红烧豆腐。,sLuBzwE
生活用语,素什锦。,素什锦。,sRuHzwH
生活用语,蔬菜，水果沙拉。,蔬菜，水果沙拉。,sXuxzw0
生活用语,水煮鱼,水煮鱼。,sfutzvO
生活用语,宫爆鸡丁,宫爆鸡丁。,s9ugzvB
生活用语,溜肝尖,炒猪肝。,s4uRzvW
生活用语,红烧牛肉,红烧牛肉。,sAuLzvQ
生活用语,涮羊肉,涮羊肉。,sHuuzvc
生活用语,糖醋排骨,糖醋排骨。,sMu9zvk
生活用语,够了够了。,够了够了。,sSu3zvh
生活用语,你们要喝什么酒？,拿要切点萨老酒？,sXuuzvY
生活用语,我们不喝酒。,阿拉伐切酒额。,suuAzuf
生活用语,请来一份三鲜汤。,来份三鲜汤。 ,snu8zu0
生活用语,主食是什么？,主食切萨？,s2u8zuJ
生活用语,米饭,饭,sDufzuh
生活用语,馒头,馒头,sHuxzux
生活用语,面条,面条,sKuJzuM
生活用语,冷面,冷面,sPugzu7
生活用语,饺子,饺子,sTuezu9
生活用语,包子,包子,sYudzuv
生活用语,我们要三碗米饭。,阿拉要三碗饭。,sxuIztj
生活用语,还要别的吗？,还要别额伐？,squGztk
生活用语,现在的商场，越建越大。,现在额商店，越造越大。,skuMzth
生活用语,上海的正大广场真够大的。,上海额正大广场老大额。,sBu9ztT
生活用语,周日我们去逛逛。,礼拜天阿拉去兜兜。,sNuPztW
生活用语,可以买点东西。,可以买点么子。,sXuuzt5
生活用语,你想买什么？,侬想买萨？,suuxzsq
生活用语,衣服,衣裳,souezsG
生活用语,裙子,裙子,sku5zsb
生活用语,裤子,裤子,sguXzsf
生活用语,内衣,内衣,scuZzsh
生活用语,袜子,袜子,s7ulzsK
生活用语,西服,西装,s3ujzsI
生活用语,T恤,T恤衫,sVuhzsP
生活用语,背心,背心,szuuzrZ
生活用语,衬衣,衬衫,suutzrD
生活用语,外套,外套,spuszri
生活用语,牛仔服,牛仔衣 ,sluGzrX
生活用语,你穿什么尺寸的？,侬穿萨尺寸额？,sfudzrx
生活用语,你喜欢什么颜色？,侬欢喜萨颜色额？,s7uozrX
生活用语,这件你穿着很好看。,个件衣裳侬穿了老好看额。,sCu9zro
生活用语,我不喜欢这颜色。,吾伐欢喜个只颜色。,sPu6zrG
生活用语,我想要件黑色的。,吾要件黑颜色额。,sZuVzrb
生活用语,你穿上试试吧。,侬穿了试试看。,sfupzqd
生活用语,我给女朋友买一件衣服。,吾帮女朋友买件衣裳。 ,s7uszqy
生活用语,今年最流行这样款式和颜色。,今年最流行个种样子帮颜色了。,sCuZzqG
生活用语,穿上很时髦，很漂亮。,穿上去老时髦，老好看额。,sSufzqK
生活用语,试衣间在哪儿？,试衣间了了阿里的？,suuVzpW
生活用语,我想就要这件了。,吾就要个件了。,sjupzpp
生活用语,你想买鞋吗？,侬想买鞋子伐？,scuFzpR
生活用语,我们店有很多名牌皮鞋。,阿拉店里有老多名牌皮鞋。,s3ujzpX
生活用语,你穿多大号码的鞋。,侬穿萨尺寸额鞋子？,sJuEzpG
生活用语,皮鞋,皮鞋,sTuFzp9
生活用语,布鞋,布鞋,stuWzoW
生活用语,运动鞋,运动鞋,spuSzop
生活用语,这双鞋是名牌。,个双鞋子是名牌。,skuFzof
生活用语,我可以试一试吗？,吾可以试试看伐？,sbuUzoS
生活用语,这鞋太紧了。,个鞋子太紧了。,s1upzo9
生活用语,你看这双鞋是否合适。,侬看个双鞋子来三伐？,sGuLzo3
生活用语,42号的，就要这双吧。,42码额，就要个双。,sRuEzoo
生活用语,小姐，你买化妆品吗？,小姐，侬买化妆品伐？,suurznD
生活用语,我想买一瓶香水。,吾想买瓶香水。,sjulznM
生活用语,这是法国最好的香水。,个是法国最好额香水。,sauwznd
生活用语,香味很温馨。,味道老温馨额。,sKuOznG
生活用语,我再看一看其它品牌的。,吾再看看别额品牌。,sTunznh
生活用语,我们有很多品牌的供你选择。,阿拉有老多品牌把侬选择。,sxuSzmO
生活用语,明天是我女朋友的生日。,明朝是吾女朋友额生日。,sku4zme
生活用语,我想买一个娃娃送给她。,吾想买扎娃娃送把伊。,s8uGzmU
生活用语,那就买“芭菲宝宝”送给她。,个么就买“芭菲宝宝”送把伊。,sCu7zmP
生活用语,“芭菲宝宝”是智能娃娃。会说，会笑，会要吃的……,“芭菲宝宝”是智能娃娃，会的刚，会的笑，会的要吃额。,sPuuzmd
生活用语,困了还会睡觉。,吃力了还会的觉。,shuyzlu
生活用语,有那么好玩吗？,有嘎好白相伐？,s8uAzlR
生活用语,是的，女孩特别喜欢。,有额，小姑娘才欢喜额。,s1uTzlv
生活用语,给她买块手表吧？,帮伊买扎手表好伐？,sZu8zlx
生活用语,这是最流行的超概念表。,个是最流行额超概念表。,squlzkh
生活用语,但它不实用。,伐过伐实用。,sfuYzkT
生活用语,请问，还需要什么吗？,请问，需要萨伐？,s9uKzkI
生活用语,我需要结帐。,吾要买单。,s0uTzk3
生活用语,能打折吗？,可以打折头伐？,sFulzkb
生活用语,我们的商品都是优惠价。,阿拉额商品才是优惠价。,sMuazkR
生活用语,可以便宜些吗？,可以便宜点伐？,sXuJzk5
生活用语,我们先算帐吧。,阿拉先买单好了。,svuczjk
生活用语,裙子，人民币119元，鞋，人民币316元。,裙子，人民币119块，鞋子，人民币316块。,snuEzjs
生活用语,合计人民币435元整。,一共人民币435块。,sOuWzjr
生活用语,这太贵了。,个特巨了。,syulzi8
生活用语,能再优惠一些吗？,能再便宜点伐？,ssu8zil
生活用语,好吧，再给打一个7折。,好额，再把侬打只7折。,sluQzio
生活用语,打7折后是人民币304_2E5元。,打好7折是人民币304块5角。,s7uzzi9
生活用语,就算人民币304元吧。,就算人民币304块好了。,sIu9ziT
生活用语,请到付款台结帐。,请到收银台付钞票。,sVucziE
生活用语,付款台在哪儿？,收银台了了阿里的？,suuvzhp
生活用语,你是付现金是刷卡？,侬付现金还是拉卡？,slutzhl
生活用语,我付现金。,吾付现金。,sGupzh0
生活用语,给你，这是人民币304元整。,把侬，个是人民币304块。,sMuwzhr
生活用语,这是我给你的钱。,个是吾把侬额钞票。,syuIzg9
生活用语,这是收据，请收好。,个是收据，收好。,spuKzg5
生活用语,今晚不知放什么电影？,今朝伐晓得放萨电影？,sfuYzgI
生活用语,我们去看电影怎么样？,阿拉去看电影好伐?,s2uBzgk
生活用语,不知是国产片还是进口片。,伐晓得是国产片还是进口片。,sHuozgy
生活用语,好像是恐怖片《午夜凶灵》。,好像是恐怖片《午夜凶铃》。,sVuRzgD
生活用语,好哇，那一定很有意思。,好额，肯定老有劲额。,squrzfC
生活用语,我讨厌恐怖片，太紧张了。,吾老讨厌恐怖片额，特紧张了。,sguHzfv
生活用语,我还是在家看看电视，上上网吧。,我还是了了窝里看看电视，上上网算了。,sRugzfm
生活用语,电视没有什么好节目。,电视么萨好节目看额。,sruIzed
生活用语,播那么多广告，真烦人。,放嘎许多广告，烦色特了。,sgujzeO
生活用语,我看体育频道，NBA篮球赛……,"吾看体育频道,NBA篮球赛。",s3uzzeu
生活用语,我喜欢体育项目比赛……,吾欢喜体育比赛。,sMu2zeh
生活用语,我坚持每周爬两次山。,吾坚持每额礼拜爬两趟山。,sUuOzep
生活用语,我每天坚持晨练，晚上散步。,"吾每天坚持晨练,夜里散步。",ssuEzdo
生活用语,你最喜欢什么活动？,侬最欢喜萨活动？,scuuzdZ
生活用语,我喜欢下象棋。,吾欢喜走象棋。,s3ulzdN
生活用语,也喜欢看看书，看看报。,"啊欢喜看看书,看看报。",sEuCzda
生活用语,爱看人物传记……,欢喜看人物传记。,szu5zc5
生活用语,我的爱好很多，游泳、打球……,"吾额爱好老多额,游泳,打球。",srumzcF
生活用语,我喜欢丰富多彩的生活。,吾欢喜丰富多彩额生活。,s9uVzcI
生活用语,你怎么还没到？,侬哪能还么到？,sBuAzcU
生活用语,现在塞车。,现在堵车。,sIuMzcc
生活用语,你到什么地方了？,侬到萨地方了？,sOuSzc9
生活用语,我刚到东方路。,吾到东方路了。,sVuXzcq
生活用语,能准时到达吗？,能准时到伐？,swuTzbO
生活用语,以后再去上海火车站最好坐地铁。,下趟再去上海火车站最好就是乘地铁。,spuEzbg
生活用语,火车票买到了吗？,火车票买到了伐？,s7ujzbW
生活用语,买到了，21次特快。,"买到了,21次特快。",sLugzbK
生活用语,几点钟到上海？,几点钟到上海?,sYuUzbW
生活用语,明天早晨7点20分到。,明朝早浪相7点20分到。,stuRzaB
生活用语,票价多少钱？,票子多少钞票?,sguOzad
生活用语,往返票价多少钱？,来回票多少钞票?,s8u2za2
生活用语,咨询一下飞机的情况。,咨询一下飞机额情况。,sBuszag
生活用语,航班、票价、时间等。,"航班,票价,晨光老萨。",sLuTzal
生活用语,请问是民航售票处吗？,请问是民航售票处伐？,sYuazay
生活用语,我想订一张20日到上海的机票。,吾想订一张20号到上海额机票。,squBz9U
生活用语,你需要什么时候的？,侬需要萨晨光额？,sauOz9T
生活用语,要一张夜航的票价可以打对折吗？,"要一张夜里相额航班额,可以打对折。",sSuEz9X
生活用语,可以，是单程还是往返。,"可以额,单程票还是来回票？",snuyz88
生活用语,往返的，请把票送到公司来。,"来回票,请挠票子送到公司来。",s7usz8G
生活用语,嗨！出租车。,嗨！差头。,sJunz8B
生活用语,你到哪儿？,侬到阿里的？,sOuEz8n
生活用语,我去机场。,吾去机场。,sVuoz8m
生活用语,请上车，把行李放在后备箱。,"请上车,挠行里把了后备箱。",szuJz71
生活用语,从这到机场有多少公里？,从个的到机场有多少公里？,sluEz7Y
生活用语,大概40公里。,大概40公里。,s8ubz7k
生活用语,车费多少钱？,车费多少？,s1uTz7W
生活用语,每公里人民币2_2E4元钱，由计价器打印发票。,"每公里人民币2块4角,计价器会的打发票额。",sPufz7X
生活用语,路上堵车吗？,路浪相堵车伐？,snuiz6U
生活用语,会堵的，但50分钟可以到机场。,会的堵额，伐过50分钟可以到机场了。,sfu7z6x
生活用语,给你100元钱。,把侬100块。,sFuzz6G
生活用语,请问去世纪公园怎么走？,请问去世纪公园哪能走?,sLu2z6H
生活用语,从这里坐花木1路路公交车车直达世纪公园。,从个的乘花木1路公交车直接到世纪公园。,sXuQz6z
生活用语,公交车拥挤吗？,公交车会的挤伐？,sfu0z56
生活用语,上、下班高峰时拥挤。,上下班高峰额晨光比较挤。,s6ubz5w
生活用语,过马路请走人行横道。,过马路请走人行横道线。,sFuTz5Q
生活用语,过街天桥,过街天桥。,sRumz56
生活用语,过街通道。,过街通道。,ssufz4j
生活用语,注意交通安全。,注意交通安全。,snuFz4r
生活用语,我想取些钱。,吾想挠点钞票。,sfuiz40
生活用语,请到自动取款机。,请到自动取款机。,s7u1z48
生活用语,不行，我还要换些零钱。,"伐来三,吾还要调点零钞票。",sBuAz44
生活用语,请输入密码。,请输密码。,sPuoz4H
生活用语,你要取多少钱？,侬要挠多少钞票。,sVuWz4n
生活用语,我取500元整。,吾挠500块整额。,suuuz3z
生活用语,另外，10元的要5张，5元的要10张……,"还有,10块头5张,5块头10张。",slufz31
生活用语,我想存钱。,吾想存钞票。,s5u9z3N
生活用语,请填写这份表格。,请侬填好个张表格。,sOuMz34
生活用语,请把身份证给我。,身份证把吾。,sYuNz3k
生活用语,请问存多少钱？,请问侬存多少钞票。,stuhz2W
生活用语,我存1千元。,吾存1000块。,sjunz2W
生活用语,请输入6位数字密码。,请输六位密码。,scuBz2T
生活用语,请记好密码。,请侬记牢密码。,s3utz2k
生活用语,这是你的存折。,个是侬额存折。,sEuOz2u
生活用语,请收好你的身份证和存折。,请挠好侬额身份证。,sMuKz2K
生活用语,请问存款利息是多少？,请问存款利息多少？,sXu3z2F
生活用语,存款有定、活两种。,存款有定、活两种。,ssuKz1T
生活用语,每种利息也不同。,每种利息阿伐一样。,s4udz1P
生活用语,活期存款年利率是：0_2E72。,活期额一年利息是0.72。,sEu4z1D
生活用语,定期存款三个月至五年利率不同。,定期额三个号头帮五年额利息啊伐一样。,sTu3z16
生活用语,三个月的年利率是：1_2E17。,三个号头一年利息是1.17。,sluaz0e
生活用语,五年的是：2_2E79。,五年头额是2.79。,s4u5z0j
生活用语,具体利率以人民银行公布为准。,到晨光具体额利息是根据人民银行标准为准额。,sHuez0B
生活用语,请正确填写票据。,请侬正确填写票据。,syudzA2
生活用语,正确使用中文大写数字：,正确使用中文大写数字,souHzA4
生活用语,壹,壹,scuezAd
生活用语,贰,贰,s9uvzA8
生活用语,叁,叁,sEufzAC
生活用语,肆,肆,sHuOzAS
生活用语,伍,伍,sLu3zAC
生活用语,陆,陆,sPulzAd
生活用语,柒,柒,sSu4zAr
生活用语,捌,捌,sWunzAS
生活用语,玖,玖,sZuHzAr
生活用语,拾,拾,swuozBb
生活用语,佰,佰,stuTzBr
生活用语,仟,仟,squPzBG
生活用语,万,万,s8uyzBT
生活用语,圆,圆,s5uJzBD
生活用语,零,零,s1uLzBB
生活用语,分,分,sCudzBB
生活用语,角,角,sGuozBu
生活用语,整,整,sJuezBs
生活用语,请正确填写票据日期：,请正确写好票据额日期。,sNujzBe
生活用语,如：2月13日，应写成零贰月壹拾叁日。,"比如讲:2月13号,应该写成零贰月壹拾叁号。",sXuIzBw
生活用语,9月25月，应写成零玖月零贰拾伍日。,"9月25号,应该写成零玖月贰拾伍号。",s7upzCq
生活用语,用笔的规定：,用笔额规定：,sQuKzCm
生活用语,填写票据应使用墨汁或碳素笔。,填写票据应该用钢笔或者碳素笔。,smuHzDI
生活用语,我想寄一个特快专递。,吾想寄只特快专递。,s3uazDL
生活用语,寄的是什么？,寄额是萨？,sGugzDL
生活用语,一本英汉字典。,一本英汉字典。,sMu3zD1
生活用语,邮费多少钱？,邮费多少钞票？,sUuNzD9
生活用语,先让我称一下重量。,先让吾称称重量。,swubzE3
生活用语,邮资总共40元整。,邮费一共40块。,smuuzEx
生活用语,要贴邮票吗？,要贴邮票伐？,sdumzEQ
生活用语,不需要，现在用电脑打印邮资已付。,"伐需要额,现在用电脑打印额邮费已付。",s6uazEg
生活用语,我买几张邮票。,吾买几张邮票。,sPuVzEh
生活用语,我想寄一封挂号信。,吾想寄封挂号信。,soukzFF
生活用语,这封信超重了。,个封信超重了。,sfuBzFX
生活用语,请把地址写清楚。,地址填清桑。,s6umzFw
生活用语,请填写好邮政编码。,请侬填好邮政编码。,sAubzF3
生活用语,什么时候能寄到北京。,寄到北京要多少晨光？,sKuCzFK
生活用语,大约一个星期。,大概一额礼拜。,sVu4zFa
生活用语,医生，我这几天很不舒服。,"医生,吾格两天老伐适宜额。",swuyzGt
生活用语,你咳嗽吗？流鼻涕吗？,"侬咳嗽伐,流鼻涕伐？",shuyzGW
生活用语,你发烧吗？哪儿感觉难受？,"侬发寒热伐,阿里的难过?",s5u9zGZ
生活用语,请量一下体温。,量量体温。,sJuszGB
生活用语,请测一下血压。,量量血压。,squ7zHv
生活用语,你得过肺炎吗？,侬得过肺炎伐？,sku1zHs
生活用语,最好拍一下X光片。,最好拍张x光片。,scuBzH3
生活用语,你发烧了。,侬发寒热了。,s2uhzHx
生活用语,请做进一步检查。,要做进一步额检查。,sDubzHu
生活用语,抽血化验一下。,要做抽血化验。,sMu9zHq
生活用语,你是病毒性感冒。,侬是病毒性感冒。,sUuAzHi
生活用语,严重吗？,严重伐？,swu4zIB
生活用语,不严重，我给你开些药。,"伐严重,吾帮侬开点药。",sruQzI6
生活用语,回去要及时服药。,回去要及时切药。,seudzIj
生活用语,你很快就会好的。,侬就会的老快好额。,sMuFzIW
生活用语,你的病还没好吗？,侬额毛病哪能了？,sWuNzI9
生活用语,我头晕得厉害。,吾头老晕额。,suu4zJj
生活用语,湿身懒散无力。,浑身么力气。,smuezJo
生活用语,没有食欲，什么也不想吃。,"么胃口,萨啊伐想切。",sfu3zJE
生活用语,让我检查检查。,让吾检查检查。,s2udzJF
生活用语,你这种情况有几天了。,侬个种情况有几天了？,sFuDzJ2
日常应对,这是什么东西？,搿是啥物事？,sqzozh1
日常应对,这是笔记本电脑。,搿是笔记本电脑。,sizlzhX
日常应对,这是你的笔记本电脑？,搿是侬个笔记本电脑？,s9zOzhJ
日常应对,不是，是我儿子的笔记本电脑。,勿是额，是吾儿子额笔记本电脑。,sAzPzh6
日常应对,这些是谁的光盘？,搿眼是啥人额光盘？,sRzxzh7
日常应对,这些是我们的光盘。,搿眼是阿拉额光盘。,syzAzgU
日常应对,那些不是你们的光盘？,埃面一眼是亻那个光盘？,smzyzgi
日常应对,那儿的光盘是他们的。,埃面额光盘是伊拉额。,sczkzg4
日常应对,这台电脑是不是他一直在用？,搿台电脑一直是伊用额伐？,s1zTzgd
日常应对,不，是我一直在用。,没噢，一直吾辣用。,sLzazgq
日常应对,这本书是我的。,搿本书是我额。,svz8zfW
日常应对,那本书是我儿子的。,埃本书是阿拉儿子额。,smzczfj
日常应对,门口有个人。,门口头有个人。,saz7zfu
日常应对,书架上都是书。,书架高头侪是书。,s0zkzfe
日常应对,马路斜对面有家银行。,马路斜对过有家银行。,sIzPzfs
日常应对,在一家银行马路斜对面。,有一家银行辣辣马路斜对过。,sUzTzfW
日常应对,你家里有电脑书吗？,侬屋里有电脑书伐？,srzvzeo
日常应对,有的。,有额。,sgzVze3
日常应对,有多少？,有几化？,sbz4zen
日常应对,有很多。,有交关。,s5zpzei
日常应对,这是什么东西？,搿是啥物事？,sqzozh1
日常应对,这是笔记本电脑。,搿是笔记本电脑。,sizlzhX
日常应对,这是你的笔记本电脑？,搿是侬个笔记本电脑？,s9zOzhJ
日常应对,不是，是我儿子的笔记本电脑。,勿是额，是吾儿子额笔记本电脑。,sAzPzh6
日常应对,这些是谁的光盘？,搿眼是啥人额光盘？,sRzxzh7
日常应对,这些是我们的光盘。,搿眼是阿拉额光盘。,syzAzgU
日常应对,那些不是你们的光盘？,埃面一眼是亻那个光盘？,smzyzgi
日常应对,那儿的光盘是他们的。,埃面额光盘是伊拉额。,sczkzg4
日常应对,这台电脑是不是他一直在用？,搿台电脑一直是伊用额伐？,s1zTzgd
日常应对,不，是我一直在用。,没噢，一直吾辣用。,sLzazgq
日常应对,这本书是我的。,搿本书是我额。,svz8zfW
日常应对,那本书是我儿子的。,埃本书是阿拉儿子额。,smzczfj
日常应对,门口有个人。,门口头有个人。,saz7zfu
日常应对,书架上都是书。,书架高头侪是书。,s0zkzfe
日常应对,马路斜对面有家银行。,马路斜对过有家银行。,sIzPzfs
日常应对,在一家银行马路斜对面。,有一家银行辣辣马路斜对过。,sUzTzfW
日常应对,你家里有电脑书吗？,侬屋里有电脑书伐？,srzvzeo
日常应对,有的。,有额。,sgzVze3
日常应对,有多少？,有几化？,sbz4zen
日常应对,有很多。,有交关。,s5zpzei
日常应对,你有这本新书吗？,搿本新书侬有伐？,sOz4zeZ
日常应对,我没这本书。,搿本书我没。,sXzmzeP
日常应对,你是不是有两台电脑？,侬是伐是有两台电脑？,suzwzdK
日常应对,这台相机是不是你的？,搿台相机是伐是侬额？,skzbzdI
日常应对,有没有发票？,侬发票有勿有？,s9zpzdD
日常应对,有的，但是没带。,有是有额，没带来。,s2zrzdC
日常应对,你要什么饮料？,侬要喝啥饮料？,sIzezd4
日常应对,我要一杯奶茶。,吾要一杯奶茶。,sQzCzdc
日常应对,你喜欢吃什么？,侬欢喜吃点啥？,sYzFzdM
日常应对,你可以给我吃点奶油五香豆。,侬可以拨吾一点奶油五香豆。,sszczcC
日常应对,你喜欢哪块？这块还是那块？,侬欢喜阿里一块？个块还是埃块？,sKzSzcg
日常应对,没关系，随便哪块。,没关系，随便阿里一块。,swzUzb0
日常应对,还要多少？,还要多少？,sjzRzbf
日常应对,还要一点。,还要一眼眼。,sdzJzbT
日常应对,你比较喜欢哪个？,阿里一只侬欢喜一眼？,s5z0zbO
日常应对,我都不要。,我一只也勿要。,sFz0zbm
日常应对,我要和张先生、李先生谈谈。,吾要告张先生、李先生谈一谈。,sMzKzbG
日常应对,他们两位现在很忙，不想跟你谈。,伊拉两位现在老忙额，勿想帮侬谈。,szzMzaQ
日常应对,你想吃点点心吗？,侬想吃点点心伐？,sgzPzat
日常应对,如果可以，就吃点吧。,侬如果高兴，就吃一点伐。,s5zBzay
起居家常,我平时醒得特别早。,吾平常醒得来得个早。,swzAzEK
起居家常,我爱睡懒觉。,吾欢喜懒觉。,slzqzEn
起居家常,我每天六点起床。,吾每天六点钟起来。,sdz9zEv
起居家常,我要睡到八点半才起来。,吾要到八点半侪刚刚起来。,sLzzzEF
起居家常,我穿好衣服后就吃早饭。,吾穿好衣裳以后就吃早饭。,sXzJzEW
起居家常,我时间快来不及了，只能出门买大饼油条。,吾辰光来大勿及K，只好出门买大饼油条。,spzkzFJ
起居家常,我可以悠闲地吃牛奶面包鸡蛋，或者泡饭酱菜。,我可以笃笃定定吃牛奶面包鸡蛋，或者泡饭酱菜。,s5zqzFV
起居家常,我每天早晨八点出门，九点开始工作。,我每天早浪八点钟离开屋里，九点钟开始工作。,sYzPzF4
起居家常,从上午一直做到晚上。,从上半日一直做到夜快头。,sbzVzGX
起居家常,中午十二点左右，到我们公司的饭厅去吃午饭。,中浪向十二点钟左右，到阿拉单位食堂去吃中饭。,sEz5zG4
起居家常,我们常常做到下午一点，盒饭是送上来的。,阿拉经常做到下半天一点钟，盒饭是送上来个。,sxznzHE
起居家常,做完工作一般是五点半，回到家里吃晚饭。,做好生活一般五点半回到屋里吃夜饭。,sbz4zHq
起居家常,晚上看看新民晚报，看看电视，洗个澡就睡觉了。,夜头夜报翻翻，电视看看，好浴就觉。,sIzuzHs
起居家常,我晚上经常出去，和朋友一起玩。,我夜里向一直出去个，特朋友一道白相相。,sCzmzIk
起居家常,回来再上上网，发几个email，直到十一点才睡觉。,回来再上上网，发发email，弄到十一点钟再觉。,sUzjzIQ
起居家常,你现在在干什么？,侬现在辣辣做啥？,sjzMzJP
起居家常,我正在玩电脑。,我辣辣打电脑。,s7z2zJ9
起居家常,你的朋友最近在忙些什么？,侬个朋友近来辣海忙点啥？,sCzEzJU
起居家常,他一直在做生意。,伊一直辣海做生意。,sPzwzJX
起居家常,目前我没事情做。,目前我呒没辣做啥。,sYzXzJX
起居家常,我平时醒得特别早。,吾平常醒得来得个早。,swzAzEK
起居家常,我爱睡懒觉。,吾欢喜懒觉。,slzqzEn
起居家常,我每天六点起床。,吾每天六点钟起来。,sdz9zEv
起居家常,我要睡到八点半才起来。,吾要到八点半侪刚刚起来。,sLzzzEF
起居家常,我穿好衣服后就吃早饭。,吾穿好衣裳以后就吃早饭。,sXzJzEW
起居家常,我时间快来不及了，只能出门买大饼油条。,吾辰光来大勿及K，只好出门买大饼油条。,spzkzFJ
起居家常,我可以悠闲地吃牛奶面包鸡蛋，或者泡饭酱菜。,我可以笃笃定定吃牛奶面包鸡蛋，或者泡饭酱菜。,s5zqzFV
起居家常,我每天早晨八点出门，九点开始工作。,我每天早浪八点钟离开屋里，九点钟开始工作。,sYzPzF4
起居家常,从上午一直做到晚上。,从上半日一直做到夜快头。,sbzVzGX
起居家常,中午十二点左右，到我们公司的饭厅去吃午饭。,中浪向十二点钟左右，到阿拉单位食堂去吃中饭。,sEz5zG4
起居家常,我们常常做到下午一点，盒饭是送上来的。,阿拉经常做到下半天一点钟，盒饭是送上来个。,sxznzHE
起居家常,做完工作一般是五点半，回到家里吃晚饭。,做好生活一般五点半回到屋里吃夜饭。,sbz4zHq
起居家常,晚上看看新民晚报，看看电视，洗个澡就睡觉了。,夜头夜报翻翻，电视看看，好浴就觉。,sIzuzHs
起居家常,我晚上经常出去，和朋友一起玩。,我夜里向一直出去个，特朋友一道白相相。,sCzmzIk
起居家常,回来再上上网，发几个email，直到十一点才睡觉。,回来再上上网，发发email，弄到十一点钟再觉。,sUzjzIQ
起居家常,你现在在干什么？,侬现在辣辣做啥？,sjzMzJP
起居家常,我正在玩电脑。,我辣辣打电脑。,s7z2zJ9
起居家常,你的朋友最近在忙些什么？,侬个朋友近来辣海忙点啥？,sCzEzJU
起居家常,他一直在做生意。,伊一直辣海做生意。,sPzwzJX
起居家常,目前我没事情做。,目前我呒没辣做啥。,sYzXzJX
起居家常,你的朋友怎么还没来？,侬个朋友哪能还呒没来啦？,srzEzK6
起居家常,你看，他正过来了。,侬看，伊来了。,shzSzKH
起居家常,天气一天比一天冷。,天气一天比一天冷。,s8zjzKg
起居家常,他在慢慢地进步。,伊慢慢叫辣辣赶上去。,sOzszKv
起居家常,他要进步了。,伊要上进了。,sZzRzKF
起居家常,你别装聋作哑！,侬勿要辣辣装刚度！,sszqzLS
起居家常,你在等谁？,侬辣海等啥人啊？,sjzazL9
起居家常,我没等谁。,我勿等啥人。,sazlzLz
起居家常,整个上午我都在忙着打字。,整个上半天，我侪辣海忙打字。,s2zbzLr
起居家常,昨天我打电话来的时候，你在干什么？,昨日我打电话来个辰光，侬辣辣做啥？,sNzBzLs
起居家常,这套房子是我女儿女婿住的。,搿套房子是阿拉囡儿帮女婿蹲个。,stzgzMp
起居家常,你们看，窗开着，厨房门也开着！,(亻那)看，窗开辣辣，厨房间门也没关！,sezmzMj
起居家常,他们匆匆忙忙去看足球赛，房间里的东西都扔在那。,伊拉匆匆忙忙去看足球比赛，屋里物事侪摊辣海。,sDz5zMe
起居家常,菜切好了放在那，不知道什么时候来烧。,菜切好辣海，勿晓得啥个辰光来烧。,sozRzNF
起居家常,菜碗放得满桌都是，连吃剩下的肉汤也没收拾好。,小菜摊了一台子，吃剩辣海个肉汤都呒没收好。,s5zNzNo
起居家常,你们看，他们书房里收拾的倒是很干净。,亻那看，伊拉书房里倒收作得清清爽爽额。,sOzAzND
起居家常,书桌上有几本卡通书混在一叠专业书里。,写字台高头一叠专业书里混辣海几本卡通书。,stzRzOI
起居家常,墙上挂着几张古色古香的字画。,墙高头几张古色古香额字画挂辣海。,s7zvzOO
起居家常,卧室里的家具一点都不差！,大房间里向家生倒勿推扳辣海！,sLz8zOh
起居家常,一套红木家具要十几万呢！,一套红木家生要十几万洋细！,szzszPU
起居家常,时间还早，大家坐下来聊一会吧。,辰光还早辣海，大家坐下来茄茄山河伐。,slzBzPx
起居家常,茶壶里再冲点水。,茶壶里再冲点水辣海。,sBzfzP4
起居家常,我们坐着看电视。,阿拉坐辣海看看电视。,sNzuzPt
起居家常,看，足球踢得好紧张。,喏，足球踢得正好紧张辣海。,sozrzQz
起居家常,要等它录完，有段时间了！,要等伊踢好，还有一歇辣海！,s8zszQ3
起居家常,我们要回去了，你托我们的事情一定放在心上。,阿拉要回去，侬托阿拉个事体一定留心辣海。,sCzEzQD
起居家常,你吃饭了吗？,侬饭吃过了伐？,sYzhzQG
起居家常,我还没吃。,我还没吃过。,stzGzRh
起居家常,你今天去锻炼了吗？,侬今朝去锻炼过伐？,slzazR6
起居家常,我已经好久没去锻炼了。,我已经长远没去锻炼了。,s9zczR1
起居家常,你吃过生鱼片吗？,侬生鱼片吃过伐？,sCzMzRB
起居家常,两年前吃过一次。,辣两年前吃过一趟。,sOzKzRG
起居家常,我买好菜，做好饭，等我儿子回来吃饭。,我买了小菜，烧好了饭，等我儿子回来吃饭。,sZzazRS
起居家常,已经等了半小时了。,已经等了半个钟头了。,s4zJzSs
起居家常,我还请了钟点工打扫好了房间。,我还请了钟点工帮忙打扫好了房间。,sFzXzSe
起居家常,你看，桌子上还放了一叠校样。,侬看，台子高头还摆了一叠样版。,sZz2zSg
起居家常,到现在我又打好了两篇稿子。,到现在我又打好了两篇稿子。,shz7zTP
起居家常,等天好了，我要把稿子送到出版社去。,等天好了，我要拿稿子送到出版社去。,s2zAzTa
起居家常,我儿子和小王一起去买碟片了。,我儿子跟小王买碟片去了。,sPzEzTz
起居家常,他买了两次都没买到。,伊去买了两趟侪呒没买到。,suznzU1
逛街购物,上海人逛街最在行，大概也是都市的一种生态。,上海人荡马路一只顶，大概也是都市生态一种。,s3xNzyx
逛街购物,许多街上商店集中，商品琳琅满目，真漂亮！,交关马路商店集中，商品琳琅满目，真好看！,sSx2zyP
逛街购物,人们也出来逛逛，东转西溜，挤来挤去。,人也出来荡发荡发，七兜八兜，轧来轧去。,slxhzxC
逛街购物,不一定要买东西，练耐力。,倒勿一定要买啥物事，练啥脚劲。,s2xzzxF
逛街购物,有时边逛边看，领略市场信息，饱眼福。,有辰光荡荡看看，领领市面，饱饱眼福。,sVxwzxx
逛街购物,一逛街，总要忍不住买点东西回去。,一荡马路，总归熬勿牢要买点物事回转去。,skxVzwU
逛街购物,现在热闹的地方，夜市也很热闹。,现在闹猛个地方，夜市面也好得一塌糊涂。,sHxkzww
逛街购物,南京东路上百年老店多，南京西路上高档精品店多。,南京东路高头百年老店多，南京西路高头高档精品店多。,szxpzv0
逛街购物,淮海路的商品高雅前卫，有海派特色。,淮海路个商品高雅前卫，有海派特色。,s9xwzv2
逛街购物,徐家汇商圈高中低档商品俱全，错位经营。,徐家汇商圈高中低档商品侪有，错位经营。,sIxZzvw
逛街购物,再要开眼界，去看人民广场下面的地下商场。,再要开眼界，去看人民广场下头个地下商场。,sux4zux
逛街购物,男人陪女朋友来玩，看得眼花缭乱。,小伙子陪女朋友来白相，眼睛看得五花八门。,sax4zuY
逛街购物,口袋里的钱用完了没关系，去找自动取款机吧。,袋袋里个钞票摸空勿要紧，去寻自动取款机好。,sKxCzuf
逛街购物,上海一方面拆掉了许多旧房子，一方面开辟了很多新房子。,上海一方面拆脱了交关旧房子，一方面开辟了交关新房子。,suxWztp
逛街购物,既清洁了周围空气，又降低了市中心的气温。,既清洁了周围空气，又降低了市中心额气温。,s1xYztD
逛街购物,绿地有假山、瀑布、湖泊和田园风光等。,绿地当中，假山K，瀑布K，湖泊K，田园风光等等。,sSxZzt0
逛街购物,去上海新建的绿地也非常不错！,白相上海新造个绿地也瞎有劲！,s2xlzsV
逛街购物,最有名的是在太平桥绿地中创造了个“新天地”。,名气最响个是辣辣太平桥绿地当中造了个“新天地”。,sMx0zsZ
逛街购物,闹市中心创造出新的天地，闹中取静，又创新。,闹市中心辟出新个天地，闹中取静，又创新K。,sqxuzrY
逛街购物,一个长长的湖泊里，水非常清澈！,一只长长个湖泊水几化清爽！,s4xPzr8
逛街购物,上海人逛街最在行，大概也是都市的一种生态。,上海人荡马路一只顶，大概也是都市生态一种。,s3xNzyx
逛街购物,许多街上商店集中，商品琳琅满目，真漂亮！,交关马路商店集中，商品琳琅满目，真好看！,sSx2zyP
逛街购物,人们也出来逛逛，东转西溜，挤来挤去。,人也出来荡发荡发，七兜八兜，轧来轧去。,slxhzxC
逛街购物,不一定要买东西，练耐力。,倒勿一定要买啥物事，练啥脚劲。,s2xzzxF
逛街购物,有时边逛边看，领略市场信息，饱眼福。,有辰光荡荡看看，领领市面，饱饱眼福。,sVxwzxx
逛街购物,一逛街，总要忍不住买点东西回去。,一荡马路，总归熬勿牢要买点物事回转去。,skxVzwU
逛街购物,现在热闹的地方，夜市也很热闹。,现在闹猛个地方，夜市面也好得一塌糊涂。,sHxkzww
逛街购物,南京东路上百年老店多，南京西路上高档精品店多。,南京东路高头百年老店多，南京西路高头高档精品店多。,szxpzv0
逛街购物,淮海路的商品高雅前卫，有海派特色。,淮海路个商品高雅前卫，有海派特色。,s9xwzv2
逛街购物,徐家汇商圈高中低档商品俱全，错位经营。,徐家汇商圈高中低档商品侪有，错位经营。,sIxZzvw
逛街购物,再要开眼界，去看人民广场下面的地下商场。,再要开眼界，去看人民广场下头个地下商场。,sux4zux
逛街购物,男人陪女朋友来玩，看得眼花缭乱。,小伙子陪女朋友来白相，眼睛看得五花八门。,sax4zuY
逛街购物,口袋里的钱用完了没关系，去找自动取款机吧。,袋袋里个钞票摸空勿要紧，去寻自动取款机好。,sKxCzuf
逛街购物,上海一方面拆掉了许多旧房子，一方面开辟了很多新房子。,上海一方面拆脱了交关旧房子，一方面开辟了交关新房子。,suxWztp
逛街购物,既清洁了周围空气，又降低了市中心的气温。,既清洁了周围空气，又降低了市中心额气温。,s1xYztD
逛街购物,绿地有假山、瀑布、湖泊和田园风光等。,绿地当中，假山K，瀑布K，湖泊K，田园风光等等。,sSxZzt0
逛街购物,去上海新建的绿地也非常不错！,白相上海新造个绿地也瞎有劲！,s2xlzsV
逛街购物,最有名的是在太平桥绿地中创造了个“新天地”。,名气最响个是辣辣太平桥绿地当中造了个“新天地”。,sMx0zsZ
逛街购物,闹市中心创造出新的天地，闹中取静，又创新。,闹市中心辟出新个天地，闹中取静，又创新K。,sqxuzrY
逛街购物,一个长长的湖泊里，水非常清澈！,一只长长个湖泊水几化清爽！,s4xPzr8
逛街购物,一长排石库门房子外表还是像旧弄堂似的。,一长排石库门房子，外表还像旧弄堂。,sJxYzre
逛街购物,里面开了许多欧式的小店，情调非常好！,里向开了一爿爿欧式小店，情调瞎嗲！,sxxGzqb
逛街购物,到这来转一圈，感觉太好了!,到搿搭来兜一兜，感觉勿要忒好噢！,sfxQzqJ
逛街购物,A4纸到哪里买？,A4纸头到啥地方买？,sAxCzqL
逛街购物,这东西多少钱？,搿个物事几钿？,sKxuzqN
逛街购物,这个相机拿给我看看。,搿只照相机拿出来拨我看看叫。,sPxYzqd
逛街购物,这种样式的钱包你们有卖吗？,搿种样子个皮夹子(亻那)有得买伐？,shxNzpT
逛街购物,价钱是二十五元五角。,价钿是廿五块五角。,s3xhzpe
逛街购物,这么贵！可以再便宜点吗？,介贵额！可以便宜点伐？,sFx2zpT
逛街购物,太难看了，有没有新款？,忒难看了，有勿有款式新一点额？,sRx4zpY
逛街购物,你看这两种哪种好？,侬看搿个两样当中阿里一样好？,stxgzof
逛街购物,虽然比较新款，但价钱太贵！,时髦是时髦一点了，价钿忒大！,sgxNzoM
逛街购物,不要这么差的，要正宗一点的！,勿要介蹩脚额，要正宗一眼额！,s1xpzop
逛街购物,今天这些东西大减价，随你选。,今朝搿眼物事大减价，侬听拣好。,sNxbzo5
逛街购物,别是假货吧？,勿要是大兴货噢，小地方生产个！,sxxXznx
逛街购物,货是正宗的！我们从来不做一次性生意的。,货色乓乓响个！阿拉从来勿做一枪头额生意额。,shxoznd
逛街购物,可以打折吗？,价钿好打折头伐？,sJxVzn6
逛街购物,这些是找零。,搿眼是找头。,sSxXzn2
逛街购物,给我开张发票。,帮我开张发票。,szxqzmz
逛街购物,现在到处有“超市”，可以一次性买很多东西。,现在到处有“超市”，一记头可以买交关物事。,sqxozmv
生病就医,他上半身看上去像倒三角形，站在那里看上去特别帅！,伊长个是三角身胚，立辣海看上去瞎帅！,suxvzBY
生病就医,小林的眉毛长得浓，眼睛又大，睫毛很长。,小林个眉毛生得浓，眼睛又大，眼睫毛老长。,saxuzBU
生病就医,他的体型很匀称！肩膀宽，腰身窄，小腹也没凸出来。,伊个体型生得匀称！户胛阔，腰身细，肚皮又有肌肉。,sKxnzBj
生病就医,他平常注意锻炼，所以胸肌腹肌都非常硬！,伊平常注意锻炼K，胸肌腹肌都是邦邦硬个！,sexbzCR
生病就医,不像有些男孩子，长得又瘦又高，像根豆芽。,勿像有种男小囡，生了细细长长，像根豆芽菜。,sFxDzCi
生病就医,他又是矮矮的，又是胖得肉也鼓出来。,伊末，又是矮墩墩，又是壮得肉也绽出来。,szxuzDo
生病就医,吃得太多，长得很胖，就会影响发育。,吃得忒多，长得胖来要死，乃末要影响发育。,shxxzDx
生病就医,脚一长之后，就显得很苗条，摆起姿势来很漂亮！,脚一长了末，就显得苗条得来，摆起POSE来末老漂亮额!,sBxCzDz
生病就医,你看他傻乎乎的模样，其实也挺可爱的。,侬看伊戆脑个样子，倒也蛮可爱。,sZxEzDc
生病就医,她打扮得太妖，一副傻傻的样子！,伊打扮得妖里妖气，戆头势勿谈了！,skxDzET
生病就医,身体好了，人有力气；如果不好，什么事也不想做。,身体好末，人老起劲；勿好末，啥事体也物想做。,s5xEzEJ
生病就医,一群老年人，天天不落下，弯腰昂头转身体。,一泼老头老太，天天勿脱班，弯腰昂头转身体。,sQxXzEl
生病就医,从小不锻炼，整天做功课，这样就变成驼背。,从小勿锻炼，一日到夜做功课，乃末弄出骺背。,snxOzFL
生病就医,生活要做细致，吃饭要吃粗粮，三餐不吃太多。,生活要做细，吃饭要吃粗，三餐勿吃多。,sKxmzFa
生病就医,整天生气郁闷要生大病，整天开心快乐延长寿命。,气气闷闷生毛病，嘻嘻哈哈添寿命。,svx8zGP
生病就医,经常洗澡，经常理发，经常换衣服，经常打扫房间。,勤浴，勤剃头，勤换衣裳，勤打扫房间。,sdxbzGG
生病就医,最好准备一本家用医卫手册在枕头边，常常翻翻看看。,最好备一本家用医卫手册辣枕头边，常常翻翻看。,sGxnzGr
生病就医,昨天我去医院做检查，看看有没有病。,昨日我去看医生K做检查，看看有勿有啥毛病。,sxxwzHF
生病就医,忙的时候不注意休息和锻炼，以后生了大病就来不及了。,忙了勿注意休息K锻炼，下趟生大毛病起来来勿及。,sdxWzH2
生病就医,补品虽然好，不过药补不如食补。,补药好是好，不过药补勿如食补。,sJxGzHz
生病就医,他上半身看上去像倒三角形，站在那里看上去特别帅！,伊长个是三角身胚，立辣海看上去瞎帅！,suxvzBY
生病就医,小林的眉毛长得浓，眼睛又大，睫毛很长。,小林个眉毛生得浓，眼睛又大，眼睫毛老长。,saxuzBU
生病就医,他的体型很匀称！肩膀宽，腰身窄，小腹也没凸出来。,伊个体型生得匀称！户胛阔，腰身细，肚皮又有肌肉。,sKxnzBj
生病就医,他平常注意锻炼，所以胸肌腹肌都非常硬！,伊平常注意锻炼K，胸肌腹肌都是邦邦硬个！,sexbzCR
生病就医,不像有些男孩子，长得又瘦又高，像根豆芽。,勿像有种男小囡，生了细细长长，像根豆芽菜。,sFxDzCi
生病就医,他又是矮矮的，又是胖得肉也鼓出来。,伊末，又是矮墩墩，又是壮得肉也绽出来。,szxuzDo
生病就医,吃得太多，长得很胖，就会影响发育。,吃得忒多，长得胖来要死，乃末要影响发育。,shxxzDx
生病就医,脚一长之后，就显得很苗条，摆起姿势来很漂亮！,脚一长了末，就显得苗条得来，摆起POSE来末老漂亮额!,sBxCzDz
生病就医,你看他傻乎乎的模样，其实也挺可爱的。,侬看伊戆脑个样子，倒也蛮可爱。,sZxEzDc
生病就医,她打扮得太妖，一副傻傻的样子！,伊打扮得妖里妖气，戆头势勿谈了！,skxDzET
生病就医,身体好了，人有力气；如果不好，什么事也不想做。,身体好末，人老起劲；勿好末，啥事体也物想做。,s5xEzEJ
生病就医,一群老年人，天天不落下，弯腰昂头转身体。,一泼老头老太，天天勿脱班，弯腰昂头转身体。,sQxXzEl
生病就医,从小不锻炼，整天做功课，这样就变成驼背。,从小勿锻炼，一日到夜做功课，乃末弄出骺背。,snxOzFL
生病就医,生活要做细致，吃饭要吃粗粮，三餐不吃太多。,生活要做细，吃饭要吃粗，三餐勿吃多。,sKxmzFa
生病就医,整天生气郁闷要生大病，整天开心快乐延长寿命。,气气闷闷生毛病，嘻嘻哈哈添寿命。,svx8zGP
生病就医,经常洗澡，经常理发，经常换衣服，经常打扫房间。,勤浴，勤剃头，勤换衣裳，勤打扫房间。,sdxbzGG
生病就医,最好准备一本家用医卫手册在枕头边，常常翻翻看看。,最好备一本家用医卫手册辣枕头边，常常翻翻看。,sGxnzGr
生病就医,昨天我去医院做检查，看看有没有病。,昨日我去看医生K做检查，看看有勿有啥毛病。,sxxwzHF
生病就医,忙的时候不注意休息和锻炼，以后生了大病就来不及了。,忙了勿注意休息K锻炼，下趟生大毛病起来来勿及。,sdxWzH2
生病就医,补品虽然好，不过药补不如食补。,补药好是好，不过药补勿如食补。,sJxGzHz
其它用语,好久不见，你最近好吗？,长远伐见，侬最近好伐？,sPvBzk8
其它用语,我蛮好的，你呢，刚刚从家乡回来阿？,我蛮好额，侬乃，刚刚从乡下头回来啊？,szvjzjD
其它用语,是的，我也蛮好。,是额，我阿蛮好。,sivyzjf
其它用语,怎么你现在上海话说得这么好？,哪能侬现在上海言话刚了噶好？,s9vpzjr
其它用语,是么，我之前一段时间一直在上网学上海话。,是伐，我之前一段辰光一直辣辣网浪相学上海言话。,sBvqzj2
其它用语,网上也能学上海话？,网浪相阿好学上海言话啊？,sVvBzj8
其它用语,是阿，我也是听朋友介绍的。,是额，我阿是听朋友介绍额。,suviziX
其它用语,是什么网站？,是撒网站？,s6vlzis
其它用语,是海词网。我天天去它的上海话词典学习。可以在线查单词，听录音，学对话。,是海词网。我天天到伊拉上海言话词典学习，可以在线查单词，听录音，学对话。,s0vtziG
其它用语,原来你有这么好的工具帮忙。网址是多少？,原来侬有噶好额工具帮忙。网址是多少？,ssvAzhm
其它用语,网址是 dict_2Ecn,网址是 dict.cn,sbvSzhC
时间天气,请问，现在几点？,对勿起，现在啥辰光了？,s2zhzz6
时间天气,9点45分。,十点缺十五分。,sLzszzq
时间天气,你们约好什么时间碰头？,亻那约好来啥辰光碰头额？,sUzUzza
时间天气,还有半个小时，时间很充裕。,还有半个钟头，辰光老充裕额。,srz4zyB
时间天气,我中午12点半还要去浦东。,我中浪相十二点半还要到浦东去。,sazAzy3
时间天气,晚饭还没好，要到6点半。,夜饭还没好，要到六点半。,sGzlzy6
时间天气,我在一个小时前就吃好午饭了。,我辣一个钟头以前就吃了中饭。,sVzdzyw
时间天气,明天你要9点钟来这里。,明朝侬九点钟要到搿搭来。,sqzpzxJ
时间天气,他在那住多久了？,伊辣埃面的住了多少辰光了？,sbzhzxg
时间天气,我等你很久了！,吾等了侬老多辰光了。,sCzLzx8
时间天气,小张，你是哪一年出生的？,小张，侬是阿里一年养额？,stzdzwq
时间天气,1982年生的。,一九八二年养额。,sfzbzwg
时间天气,你生日是几月几号？,侬生日几月几号？,s5zWzwL
时间天气,10月18号。你呢？,十月十八号。侬萨辰光生额？,sGzAzwC
时间天气,我比你小4个月。,吾小侬四个号头。,sZzazwb
时间天气,今天是什么日子？,今朝是啥日脚？,sqzDzvC
时间天气,今天是7月25日。,今朝七月二十五号。,shzezv7
时间天气,今天星期几？,今朝礼拜几？,s5zDzvL
时间天气,明天正好星期天。,明朝正好礼拜天。,sEzYzvJ
时间天气,我在医院住了几个星期。,吾医院里住了几个礼拜。,sPzKzvE
时间天气,请问，现在几点？,对勿起，现在啥辰光了？,s2zhzz6
时间天气,9点45分。,十点缺十五分。,sLzszzq
时间天气,你们约好什么时间碰头？,亻那约好来啥辰光碰头额？,sUzUzza
时间天气,还有半个小时，时间很充裕。,还有半个钟头，辰光老充裕额。,srz4zyB
时间天气,我中午12点半还要去浦东。,我中浪相十二点半还要到浦东去。,sazAzy3
时间天气,晚饭还没好，要到6点半。,夜饭还没好，要到六点半。,sGzlzy6
时间天气,我在一个小时前就吃好午饭了。,我辣一个钟头以前就吃了中饭。,sVzdzyw
时间天气,明天你要9点钟来这里。,明朝侬九点钟要到搿搭来。,sqzpzxJ
时间天气,他在那住多久了？,伊辣埃面的住了多少辰光了？,sbzhzxg
时间天气,我等你很久了！,吾等了侬老多辰光了。,sCzLzx8
时间天气,小张，你是哪一年出生的？,小张，侬是阿里一年养额？,stzdzwq
时间天气,1982年生的。,一九八二年养额。,sfzbzwg
时间天气,你生日是几月几号？,侬生日几月几号？,s5zWzwL
时间天气,10月18号。你呢？,十月十八号。侬萨辰光生额？,sGzAzwC
时间天气,我比你小4个月。,吾小侬四个号头。,sZzazwb
时间天气,今天是什么日子？,今朝是啥日脚？,sqzDzvC
时间天气,今天是7月25日。,今朝七月二十五号。,shzezv7
时间天气,今天星期几？,今朝礼拜几？,s5zDzvL
时间天气,明天正好星期天。,明朝正好礼拜天。,sEzYzvJ
时间天气,我在医院住了几个星期。,吾医院里住了几个礼拜。,sPzKzvE
所处方位,你住哪儿？,侬住阿里搭额？,srzuzqA
所处方位,我住在淮海路。,吾住辣淮海路。,skzVzq4
所处方位,能说给我听你的地址吗？,侬额地址讲拨我听好伐？,s9zqzqJ
所处方位,我住在淮海路850号602室。,我辣辣淮海路850号602室。,sCzyzqv
所处方位,请问850号在哪？,对勿起，850号辣盖啥地方？,suzIzp3
所处方位,在弄堂最里面。,辣盖弄堂着着里向头。,sbztzpe
所处方位,请你给我指一下。,谢谢侬帮吾指点一下。,s0z3zpI
所处方位,这条弄堂一直走到底。,个条弄堂笔直跑跑到底。。,sKz3zps
所处方位,走到那边一条小弄堂向左转。,跑到搿面一条小弄堂左转转弯。,sYzszpg
所处方位,在第二排房子的第三家。,辣辣第二 土大 房子个第三家。,skznzol
所处方位,请问中山北路52号在哪儿？,谢谢侬中山北路五十两号辣辣阿里搭？,s8zIzoy
所处方位,向右转走到第2条弄堂就是。,朝右转弯走到第二条弄堂就是了。,sJz8zob
所处方位,请问去大世界怎么走？,请问到大世界去哪能走？,syzbznk
所处方位,你一路往前走，过了红绿灯就到了。,侬一直里朝前头走，过了红绿灯就到了。,slz1zn5
所处方位,那么去人民广场怎么走？,葛末到了人民广场哪能介走法？,sHzOznY
所处方位,这里是南京路、西藏路口。,此地是南京路、西藏路口。,sWzJznv
所处方位,你从这里过去到那里，穿过第二条横马路就是。,侬从搿搭过去到埃面，穿过第二条横马路就是。,spzfzmj
所处方位,右拐马路对面过去一点就到了。,右转马路对面过去点就到了。,s3zQzmk
所处方位,怎么这么远啊？,哪能介远额？,sLz3zmR
所处方位,从这儿到那儿是很近的？,从搿搭到埃面老近额？,sUzFzmF
所处方位,你住哪儿？,侬住阿里搭额？,srzuzqA
所处方位,我住在淮海路。,吾住辣淮海路。,skzVzq4
所处方位,能说给我听你的地址吗？,侬额地址讲拨我听好伐？,s9zqzqJ
所处方位,我住在淮海路850号602室。,我辣辣淮海路850号602室。,sCzyzqv
所处方位,请问850号在哪？,对勿起，850号辣盖啥地方？,suzIzp3
所处方位,在弄堂最里面。,辣盖弄堂着着里向头。,sbztzpe
所处方位,请你给我指一下。,谢谢侬帮吾指点一下。,s0z3zpI
所处方位,这条弄堂一直走到底。,个条弄堂笔直跑跑到底。。,sKz3zps
所处方位,走到那边一条小弄堂向左转。,跑到搿面一条小弄堂左转转弯。,sYzszpg
所处方位,在第二排房子的第三家。,辣辣第二 土大 房子个第三家。,skznzol
所处方位,请问中山北路52号在哪儿？,谢谢侬中山北路五十两号辣辣阿里搭？,s8zIzoy
所处方位,向右转走到第2条弄堂就是。,朝右转弯走到第二条弄堂就是了。,sJz8zob
所处方位,请问去大世界怎么走？,请问到大世界去哪能走？,syzbznk
所处方位,你一路往前走，过了红绿灯就到了。,侬一直里朝前头走，过了红绿灯就到了。,slz1zn5
所处方位,那么去人民广场怎么走？,葛末到了人民广场哪能介走法？,sHzOznY
所处方位,这里是南京路、西藏路口。,此地是南京路、西藏路口。,sWzJznv
所处方位,你从这里过去到那里，穿过第二条横马路就是。,侬从搿搭过去到埃面，穿过第二条横马路就是。,spzfzmj
所处方位,右拐马路对面过去一点就到了。,右转马路对面过去点就到了。,s3zQzmk
所处方位,怎么这么远啊？,哪能介远额？,sLz3zmR
所处方位,从这儿到那儿是很近的？,从搿搭到埃面老近额？,sUzFzmF
拼音举例,上海,上海,sJwjzA0
拼音举例,上海话,上海言话,sPwqzAr
拼音举例,黄浦江,黄浦江,sswtzB3
拼音举例,苏州河,苏州河,smwRzBy
拼音举例,事情,事体,sgwuzBq
拼音举例,东西,物事,scwLzB0
拼音举例,玩,白相,s8wNzB2
拼音举例,开玩笑,打朋,s3wUzBV
拼音举例,交朋友,轧朋友,sCwAzBz
拼音举例,闹笑话，出丑,出洋相,sHwjzB9
拼音举例,不能领会,拎勿清,sMw5zB1
拼音举例,混,淘浆糊,sSwqzBD
拼音举例,有意塑造形象,拗造型,suw8zCq
拼音举例,靠,B,sowtzCl
拼音举例,藏,,skwezCG
拼音举例,凉、冷,,sfwxzCt
拼音举例,嗲,嗲,sbw4zCx
拼音举例,滑稽,滑稽,s6wozC7
拼音举例,舒服,适意,s0wizC4
拼音举例,非常圆,的粒滚圆,sEwozCa
拼音举例,上海,上海,sJwjzA0
拼音举例,上海话,上海言话,sPwqzAr
拼音举例,黄浦江,黄浦江,sswtzB3
拼音举例,苏州河,苏州河,smwRzBy
拼音举例,事情,事体,sgwuzBq
拼音举例,东西,物事,scwLzB0
拼音举例,玩,白相,s8wNzB2
拼音举例,开玩笑,打朋,s3wUzBV
拼音举例,交朋友,轧朋友,sCwAzBz
拼音举例,闹笑话，出丑,出洋相,sHwjzB9
拼音举例,不能领会,拎勿清,sMw5zB1
拼音举例,混,淘浆糊,sSwqzBD
拼音举例,有意塑造形象,拗造型,suw8zCq
拼音举例,靠,B,sowtzCl
拼音举例,藏,,skwezCG
拼音举例,凉、冷,,sfwxzCt
拼音举例,嗲,嗲,sbw4zCx
拼音举例,滑稽,滑稽,s6wozC7
拼音举例,舒服,适意,s0wizC4
拼音举例,非常圆,的粒滚圆,sEwozCa
常用词汇,我,我,sRwyzCX
常用词汇,我们,阿拉,srwSzDC
常用词汇,你,侬,smwrzDv
常用词汇,你们,(亻那),shwkzD7
常用词汇,他,伊,scw6zDA
常用词汇,他们,伊拉,s8wJzDx
常用词汇,这个,搿个,s3wazD7
常用词汇,这个,迭个,sBwDzDA
常用词汇,那个,埃个,sGw2zD5
常用词汇,那个,伊个,sLwmzDU
常用词汇,这里,搿搭,sPwGzDQ
常用词汇,那里,埃面,suwUzEc
常用词汇,这样,搿能,spwOzEi
常用词汇,那样,埃能,skwizEm
常用词汇,这么，表程度,介,sgwXzED
常用词汇,被，给,拨,scwZzEB
常用词汇,不,勿,s8wAzEB
常用词汇,没有,呒没,s4wQzEw
常用词汇,很,老,s0wEzE2
常用词汇,非常,邪气,sEwLzEV
常用词汇,我,我,sRwyzCX
常用词汇,我们,阿拉,srwSzDC
常用词汇,你,侬,smwrzDv
常用词汇,你们,(亻那),shwkzD7
常用词汇,他,伊,scw6zDA
常用词汇,他们,伊拉,s8wJzDx
常用词汇,这个,搿个,s3wazD7
常用词汇,这个,迭个,sBwDzDA
常用词汇,那个,埃个,sGw2zD5
常用词汇,那个,伊个,sLwmzDU
常用词汇,这里,搿搭,sPwGzDQ
常用词汇,那里,埃面,suwUzEc
常用词汇,这样,搿能,spwOzEi
常用词汇,那样,埃能,skwizEm
常用词汇,这么，表程度,介,sgwXzED
常用词汇,被，给,拨,scwZzEB
常用词汇,不,勿,s8wAzEB
常用词汇,没有,呒没,s4wQzEw
常用词汇,很,老,s0wEzE2
常用词汇,非常,邪气,sEwLzEV
称谓,本地人,本地人,snwAzGU
称谓,外地人,外地人,shwGzGX
称谓,乡下人,乡下人,sawzzG5
称谓,镇浪人,镇浪人,s3wCzGV
称谓,城里人,城里人,sEwkzGd
称谓,外乡人,外乡人,sMw3zGl
称谓,外路人,外路人,sTwVzGo
称谓,外国人,外国人,syw2zHC
称谓,外头人,外头人,sgwizH3
称谓,洋人,洋人,s8wLzHS
称谓,老外,老外,s3wTzHj
称谓,华侨,华侨,sCwZzHg
称谓,海归,海归,sIw9zHU
称谓,江北人,江北人,sOwXzHV
称谓,苏北人,苏北人,sVwIzH9
称谓,东洋人,东洋人,swwfzIR
称谓,陌生人,陌生人,spwuzId
称谓,生人头,生人头,sjwPzIR
称谓,生客,生客,sHwwzIB
称谓,熟客,熟客,sMwWzIp
称谓,本地人,本地人,snwAzGU
称谓,外地人,外地人,shwGzGX
称谓,乡下人,乡下人,sawzzG5
称谓,镇浪人,镇浪人,s3wCzGV
称谓,城里人,城里人,sEwkzGd
称谓,外乡人,外乡人,sMw3zGl
称谓,外路人,外路人,sTwVzGo
称谓,外国人,外国人,syw2zHC
称谓,外头人,外头人,sgwizH3
称谓,洋人,洋人,s8wLzHS
称谓,老外,老外,s3wTzHj
称谓,华侨,华侨,sCwZzHg
称谓,海归,海归,sIw9zHU
称谓,江北人,江北人,sOwXzHV
称谓,苏北人,苏北人,sVwIzH9
称谓,东洋人,东洋人,swwfzIR
称谓,陌生人,陌生人,spwuzId
称谓,生人头,生人头,sjwPzIR
称谓,生客,生客,sHwwzIB
称谓,熟客,熟客,sMwWzIp
称谓,熟人,熟人,sTw6zIo
称谓,朋友,朋友,sYwUzIM
称谓,老朋友,老朋友,svw0zJR
称谓,小朋友,小朋友,spwTzJb
称谓,同行,同行,shw4zJP
称谓,同年,同年,sbwPzJd
称谓,主人家,主人家,s4wdzJc
称谓,客人,客人,sCw2zJQ
称谓,本人,本人,suwOzKR
称谓,自家人,自家人,snwrzKb
称谓,人家人,人家人,sgwtzKc
称谓,邻居,邻居,sawnzK9
称谓,近邻,近邻,s5wgzKO
称谓,街坊,街坊,s0wYzKT
称谓,房客,房客,sFwmzKy
称谓,房东,房东,sKw8zKq
称谓,男人家,男人家,sQwgzKI
称谓,女人家,女人家,sVwYzKN
称谓,男个,男个,spw0zLn
称谓,女个,女个,skwNzLf
称谓,先生,先生,sfwHzLl
称谓,老公公,老公公,sawOzLC
称谓,老头子,老头子,s3wrzLq
称谓,老太太,老太太,sCwzzLI
称谓,老太婆,老太婆,sIwfzLk
称谓,拖油瓶,拖油瓶,sOwRzLj
称谓,少爷,少爷,sUwhzLR
称谓,老爷,老爷,sZw3zLZ
称谓,师傅,师傅,smwrzMJ
称谓,师母,师母,shwjzMs
称谓,内行,内行,scw5zMk
称谓,外行,外行,s7wwzMV
称谓,读书人,读书人,s3wgzMc
称谓,孝子,孝子,sBwEzMk
称谓,大佬官,大佬官,sGwSzMc
称谓,欧巴桑,欧巴桑,sLwFzM2
称谓,酒肉朋友,酒肉朋友,sRwzzMa
称谓,小资,小资,sWwFzM5
称谓,小开,小开,srwRzNB
称谓,上司,上司,smw8zNi
称谓,顶头上司,顶头上司,siwGzNJ
称谓,头头,头头,scwMzNM
称谓,主任,主任,s8wOzNK
称谓,老板,老板,s4wXzN7
称谓,老板娘,老板娘,sAw2zNr
称谓,大老板,大老板,sFwmzN1
称谓,经理,经理,sJwNzNl
称谓,工头,工头,sOwqzN9
称谓,监工,监工,sswnzOl
称谓,厂长,厂长,sowLzOU
称谓,工程师,工程师,siwzzOx
称谓,技术人员,技术人员,sdwlzOp
称谓,会计,会计,s7wmzO6
称谓,出纳,出纳,s2wszOc
称谓,组长,组长,sBwdzOP
称谓,检验员,检验员,sFwbzON
称谓,当中人,当中人,sKwhzOH
称谓,中介,中介,sPw9zOu
称谓,猎头,猎头,swwkzPg
称谓,内勤,内勤,sswpzP2
称谓,外勤,外勤,sowgzPk
称谓,采购员,采购员,skwezPm
称谓,伙计,伙计,sfw0zPe
称谓,工人,工人,sawGzPJ
称谓,小工,小工,s5wUzPR
称谓,零工,零工,sBw8zPS
称谓,民工,民工,sGwGzPz
称谓,上手,上手,sNw9zP4
称谓,下手,下手,sqw3zQv
称谓,帮手,帮手,skwbzQD
称谓,佣人,佣人,sfwCzQL
称谓,仆人,仆人,s9wvzQd
称谓,保姆,保姆,s4whzQ5
称谓,钟点工,钟点工,sAwXzQ0
称谓,丫头,丫头,sHwizQt
称谓,学生意,学生意,sNwqzQF
称谓,摊贩,摊贩,sUwezQr
称谓,厨师,厨师,sZw0zQj
称谓,跑堂,跑堂,sfw0zRa
称谓,门房,门房,saw6zRg
称谓,商人,商人,s5wHzR8
称谓,生意人,生意人,s0wVzR0
称谓,青春饭,青春饭,sGwyzRC
称谓,房产商,房产商,sMwMzRs
称谓,房虫,房虫,sUwPzR3
称谓,店员,店员,szwizSs
称谓,售货员,售货员,stwAzSE
称谓,立柜台个,立柜台个,smwezSq
称谓,卖票员,卖票员,s1wMzSi
称谓,售票员,售票员,sFwuzSO
称谓,证人,证人,sLwazSe
称谓,演员,演员,sRwvzS9
称谓,电影明星,电影明星,sWwhzS1
称谓,医生,医生,sxwCzTu
称谓,护士,护士,sswhzT4
称谓,看护,看护,snwnzTa
称谓,保育员,保育员,shwvzTY
称谓,教书先生,教书先生,scwKzTw
称谓,农民,农民,sFw6zTY
称谓,长工,长工,sKwpzTb
称谓,短工,短工,sQwxzTX
称谓,记者,记者,sVwpzTe
称谓,老记,老记,sywxzUU
称谓,警察,警察,suw4zUQ
称谓,黑猫,黑猫,sqwYzUM
称谓,老猫,老猫,skwtzUp
称谓,保镖,保镖,sfwmzU1
称谓,邮递员,邮递员,sawfzUW
称谓,驾驶员,驾驶员,sqwxzV8
称谓,司机,司机,slwVzVz
称谓,车模,车模,sgwBzV9
称谓,木匠,木匠,sbwizVQ
称谓,木工,木工,s7wYzVj
称谓,清洁工,清洁工,s2wmzVI
称谓,清道夫,清道夫,sDwtzVi
称谓,脚色,脚色,sJwDzVh
称谓,码子,码子,sOw2zVn
称谓,模子,模子,sUwazVL
称谓,老实人,老实人,sqwSzWs
称谓,老好人,老好人,skwgzWI
称谓,明白人,明白人,sfwYzWN
称谓,好好先生,好好先生,s9wDzWS
称谓,老法师,老法师,s3wXzWa
称谓,老克拉,老克拉,sDw5zW9
称谓,达人,达人,sIwBzWO
称谓,老手,老手,sNw4zWI
称谓,硬头,硬头,sSwazWC
称谓,强人,强人,sXwRzWm
称谓,妖人,妖人,sjw6zXv
称谓,飞人,飞人,scwmzX0
称谓,妖怪,妖怪,s7wSzXE
称谓,金领,金领,s1w2zXJ
称谓,王老五,王老五,sDwZzXf
称谓,白骨精,白骨精,sJwRzXT
称谓,网虫,网虫,sPwgzX5
称谓,提款机,提款机,sUw2zXC
称谓,花花公子,花花公子,sZwFzXz
称谓,阿飞,阿飞,svwZzYS
称谓,姘头,姘头,siwazY7
称谓,情人,情人,sew1zYp
亲属,爷爷,爷爷,scwOzZ1
亲属,老爹,老爹,s7wpzZK
亲属,阿奶,阿奶,s3w9zZn
亲属,外公,外公,s0wNzZI
亲属,外婆,外婆,sEwwzZp
亲属,太太,太太,sHwRzZE
亲属,爷娘,爷娘,sMwmzZQ
亲属,爸爸,爸爸,sZwozZr
亲属,姆妈,姆妈,swvmzzt
亲属,妈妈,妈妈,stvHzzd
亲属,娘,娘,spvWzzO
亲属,过房娘,过房娘,slvEzz1
亲属,公婆,公婆,sgvlzzl
亲属,公公,公公,scv6zzG
亲属,婆婆,婆婆,s8vJzzr
亲属,阿婆,阿婆,s4vLzzt
亲属,丈人,丈人,s0vyzzS
亲属,伯伯,伯伯,sRvgzz5
亲属,大伯,大伯,sUvqzzh
亲属,叔叔,叔叔,sXv9zzv
亲属,爷爷,爷爷,scwOzZ1
亲属,老爹,老爹,s7wpzZK
亲属,阿奶,阿奶,s3w9zZn
亲属,外公,外公,s0wNzZI
亲属,外婆,外婆,sEwwzZp
亲属,太太,太太,sHwRzZE
亲属,爷娘,爷娘,sMwmzZQ
亲属,爸爸,爸爸,sZwozZr
亲属,姆妈,姆妈,swvmzzt
亲属,妈妈,妈妈,stvHzzd
亲属,娘,娘,spvWzzO
亲属,过房娘,过房娘,slvEzz1
亲属,公婆,公婆,sgvlzzl
亲属,公公,公公,scv6zzG
亲属,婆婆,婆婆,s8vJzzr
亲属,阿婆,阿婆,s4vLzzt
亲属,丈人,丈人,s0vyzzS
亲属,伯伯,伯伯,sRvgzz5
亲属,大伯,大伯,sUvqzzh
亲属,叔叔,叔叔,sXv9zzv
亲属,爷叔,爷叔,syv7zyx
亲属,叔父,叔父,suvczyj
亲属,姑父,姑父,sqvCzyI
亲属,,,smv8zyn
亲属,姑妈,姑妈,siv0zyU
亲属,姨妈,姨妈,sevIzyC
亲属,姨夫,姨夫,savYzyv
亲属,阿姨,阿姨,sCvVzyd
亲属,娘舅,娘舅,sGvQzyA
亲属,舅舅,舅舅,sLvnzyM
亲属,舅妈,舅妈,sPvMzy7
亲属,夫妻,夫妻,sUvyzyU
亲属,丈夫,丈夫,sYvbzyt
亲属,老公,老公,sxv3zxO
亲属,男人,男人,ssvmzxl
亲属,妻子,妻子,sovTzxE
亲属,老婆,老婆,sjvGzxO
亲属,太太,太太,s4vczxY
亲属,夫人,夫人,s0vKzxp
亲属,女人,女人,sEvmzxt
亲属,小老婆,小老婆,sIv0zxh
亲属,哥哥,哥哥,sNvUzxp
亲属,阿哥,阿哥,sSvxzxS
亲属,阿嫂,阿嫂,sVvKzxC
亲属,嫂嫂,嫂嫂,sZvFzxQ
亲属,姐姐,姐姐,svvTzwY
亲属,阿姐,阿姐,sqvAzwb
亲属,姐妹,姐妹,scvJzwQ
亲属,姊妹,姊妹,s7vtzwx
亲属,姐夫,姐夫,s3v7zwl
亲属,兄弟,兄弟,sAvVzwp
亲属,弟弟,弟弟,sFvpzwC
亲属,阿弟,阿弟,sIvEzwS
亲属,弟新妇,弟新妇,sMvxzwb
亲属,妹妹,妹妹,sRvwzwx
亲属,阿妹,阿妹,sVv4zwY
亲属,妹夫,妹夫,sZvtzwY
亲属,党兄,党兄,sfvSzvQ
亲属,堂弟,堂弟,sbvOzvv
亲属,堂妹,堂妹,s6vOzvI
亲属,表哥,表哥,s1vizvE
亲属,表兄,表兄,sCv9zvd
亲属,表弟,表弟,sGvFzvO
亲属,表妹,表妹,sKvHzvM
亲属,子女,子女,sOvQzv5
亲属,小人,小人,sSv1zvl
亲属,小囡,小囡,sWvUzv9
亲属,小把戏,小把戏,sqvEzul
亲属,小毛头,小毛头,slvZzut
亲属,乖囡,乖囡,sfvmzul
亲属,阿囡,阿囡,sbv7zuG
亲属,独养儿子,独养儿子,s8vJzu7
亲属,儿子,儿子,s2vizuN
亲属,过房儿子,过房儿子,sBv2zuk
亲属,囡儿,囡儿,sHvuzuA
亲属,过房囡儿,过房囡儿,sLvlzuh
亲属,私生子,私生子,sQv7zu9
亲属,新妇,新妇,spvOzts
亲属,女婿,女婿,skvcztN
亲属,上门女婿,上门女婿,shvYztN
体育娱乐,海派,海派,s9v0zs3
体育娱乐,唱歌,唱歌,s4vkzsW
体育娱乐,民歌,民歌,s0vbzsE
体育娱乐,合唱,合唱,sDvYzsf
体育娱乐,唱K,唱K,sHv7zsA
体育娱乐,跳舞,跳舞,sLvczsO
体育娱乐,芭蕾舞,芭蕾舞,sYvszsC
体育娱乐,走台,走台,sxvUzrM
体育娱乐,说唱,说唱,ssvpzrl
体育娱乐,钢琴,钢琴,sovazrG
体育娱乐,小提琴,小提琴,skv1zrb
体育娱乐,萨克斯风,萨克斯风,sfv7zrh
体育娱乐,灯笼,灯笼,s9vfzrR
体育娱乐,脱口秀,脱口秀,s5vdzrP
体育娱乐,做戏,做戏,s0vczr6
体育娱乐,唱戏,唱戏,sDv3zro
体育娱乐,沪剧,沪剧,sSvfzru
体育娱乐,越剧,越剧,sVvHzrB
体育娱乐,绍兴戏,绍兴戏,sZvhzrB
体育娱乐,滑稽戏,滑稽戏,svv3zqJ
体育娱乐,海派,海派,s9v0zs3
体育娱乐,唱歌,唱歌,s4vkzsW
体育娱乐,民歌,民歌,s0vbzsE
体育娱乐,合唱,合唱,sDvYzsf
体育娱乐,唱K,唱K,sHv7zsA
体育娱乐,跳舞,跳舞,sLvczsO
体育娱乐,芭蕾舞,芭蕾舞,sYvszsC
体育娱乐,走台,走台,sxvUzrM
体育娱乐,说唱,说唱,ssvpzrl
体育娱乐,钢琴,钢琴,sovazrG
体育娱乐,小提琴,小提琴,skv1zrb
体育娱乐,萨克斯风,萨克斯风,sfv7zrh
体育娱乐,灯笼,灯笼,s9vfzrR
体育娱乐,脱口秀,脱口秀,s5vdzrP
体育娱乐,做戏,做戏,s0vczr6
体育娱乐,唱戏,唱戏,sDv3zro
体育娱乐,沪剧,沪剧,sSvfzru
体育娱乐,越剧,越剧,sVvHzrB
体育娱乐,绍兴戏,绍兴戏,sZvhzrB
体育娱乐,滑稽戏,滑稽戏,svv3zqJ
体育娱乐,唱独脚戏,唱独脚戏,sqvgzqT
体育娱乐,评弹,评弹,slvLzq5
体育娱乐,说书,说书,shvNzq7
体育娱乐,锡剧,锡剧,scvqzqE
体育娱乐,昆曲,昆曲,s9vDzqU
体育娱乐,京戏,京戏,s5vyzq9
体育娱乐,压台戏,压台戏,sMvDzqj
体育娱乐,演戏,演戏,sQvZzq7
体育娱乐,演出,演出,sVvTzqd
体育娱乐,演员,演员,sZvwzqb
体育娱乐,大牌,大牌,swvazpA
体育娱乐,场子,场子,ssvfzpO
体育娱乐,日场,日场,sovAzpj
体育娱乐,夜场,夜场,skvPzpI
体育娱乐,唱功,唱功,sgvEzpn
体育娱乐,票子,票子,scvGzpp
体育娱乐,吊嗓子,吊嗓子,sCvwzpt
体育娱乐,个唱,个唱,sHvizpl
体育娱乐,追星,追星,sLvgzpn
体育娱乐,粉丝,粉丝,sPvszpG
体育娱乐,拉拉队,拉拉队,sTvczpr
体育娱乐,海选,海选,sYvczpM
体育娱乐,游乐场,游乐场,sxvDzol
体育娱乐,西洋镜,西洋镜,ssv9zob
体育娱乐,广播,广播,snv2zoM
体育娱乐,电影,电影,sjvNzol
体育娱乐,电影院,电影院,s2vLzoX
体育娱乐,片子,片子,sCv7zoc
体育娱乐,抢版,抢版,sGvjzoR
体育娱乐,电视,电视,sKv3zog
体育娱乐,毛片,毛片,sOvLzoL
体育娱乐,运动场,运动场,sSvGzoZ
体育娱乐,体育场,体育场,sXv5zoq
体育娱乐,球场,球场,sxvpzn0
体育娱乐,体育,体育,stv9zny
体育娱乐,塑胶跑道,塑胶跑道,spvsznL
体育娱乐,打球,打球,s2v3znm
体育娱乐,篮球,篮球,sCvuznT
体育娱乐,三对三,三对三,sGvMzng
体育娱乐,排球,排球,sLvGznm
体育娱乐,足球,足球,sPvcznX
体育娱乐,板凳,板凳,sTvnzn8
体育娱乐,搞尔,搞尔,sXvlzna
体育娱乐,硬脚头,硬脚头,szvIzmF
体育娱乐,乒乓球,乒乓球,suvazmu
体育娱乐,台球,台球,spvazmJ
体育娱乐,打乒乓,打乒乓,sAv2zmj
体育娱乐,高尔夫球,高尔夫球,sFvfzm9
体育娱乐,保龄球,保龄球,sKv1zm1
体育娱乐,博克胸,博克胸,sPv0zmn
体育娱乐,打落弹,打落弹,sTvjzmW
体育娱乐,羽毛球,羽毛球,sYvvzmt
体育娱乐,三毛球,三毛球,sxvKzl3
体育娱乐,体操,体操,ssvRzlU
体育娱乐,铅球,铅球,snvszld
体育娱乐,跳山羊,跳山羊,sjvNzlM
体育娱乐,跳高,跳高,sBvNzlW
体育娱乐,跳远,跳远,sGv5zld
体育娱乐,拨河,拨河,sLvpzlM
体育娱乐,游泳,游泳,sPvtzlz
其它用语,好久不见，你最近好吗？,长远伐见，侬最近好伐？,sPvBzk8
其它用语,我蛮好的，你呢，刚刚从家乡回来阿？,我蛮好额，侬乃，刚刚从乡下头回来啊？,szvjzjD
其它用语,是的，我也蛮好。,是额，我阿蛮好。,sivyzjf
其它用语,怎么你现在上海话说得这么好？,哪能侬现在上海言话刚了噶好？,s9vpzjr
其它用语,是么，我之前一段时间一直在上网学上海话。,是伐，我之前一段辰光一直辣辣网浪相学上海言话。,sBvqzj2
其它用语,网上也能学上海话？,网浪相阿好学上海言话啊？,sVvBzj8
其它用语,是阿，我也是听朋友介绍的。,是额，我阿是听朋友介绍额。,suviziX
其它用语,是什么网站？,是撒网站？,s6vlzis
其它用语,是海词网。我天天去它的上海话词典学习。可以在线查单词，听录音，学对话。,是海词网。我天天到伊拉上海言话词典学习，可以在线查单词，听录音，学对话。,s0vtziG
其它用语,原来你有这么好的工具帮忙。网址是多少？,原来侬有噶好额工具帮忙。网址是多少？,ssvAzhm
其它用语,网址是 dict_2Ecn,网址是 dict.cn,sbvSzhC
迎送问候,早上好，陈先生！,早浪好，陈先生！,sptIz9z
迎送问候,是张先生啊，你好！,是张先生啊，侬好！,sftiz9M
迎送问候,好久不见，我很想念你啊！,长远勿见，我老想念侬额！,s4t5z9F
迎送问候,我也常想来看看你！,我也常常想来望望侬。,sJtXz9N
迎送问候,今天碰到你，我很高兴。,今朝碰到侬我交关开心。,sVtBz9E
迎送问候,你最近身体好吗？,侬搿抢身体好伐？,srt1z8a
迎送问候,身体挺好的。,身体蛮好。,shtez8F
迎送问候,你最近好吗？,侬最近好伐？,s9toz8A
迎送问候,还可以，不是很忙。你怎么样？,还好，勿大忙，侬呢？,s0t2z8S
迎送问候,最近一阵很忙！,搿抢里我老忙额！,sMtwz8F
迎送问候,张阿姨，是我来了。,张阿姨，是我来了。,sstBz73
迎送问候,请进来！,请进来！,sgtyz7T
迎送问候,来，来，坐啊，请坐。,来，来，坐啊，请坐。,s6tAz7e
迎送问候,没什么可以招待你。,没啥好招待侬额。,sJtrz7T
迎送问候,你想喝咖啡还是喝茶？,侬要吃咖啡还是要吃茶啊？,sTtcz7s
迎送问候,阿姨，您别客气，喝点开水就行。,阿姨勿要客气，倒杯白开水吃吃好了。,stt2z6d
迎送问候,今天过来，有些什么事啊？,今朝侬上门来，有点啥事体啊？,sbtjz6J
迎送问候,我有点儿小事情想请您帮忙。,吾有点小事体想请侬帮忙。,sEt6z6I
迎送问候,你要走了吗？,侬要走啦？,sUt6z6l
迎送问候,时间不早了，我先回去了。,辰光勿早了，我要回去了。,sxtgz5q
迎送问候,早上好，陈先生！,早浪好，陈先生！,sptIz9z
迎送问候,是张先生啊，你好！,是张先生啊，侬好！,sftiz9M
迎送问候,好久不见，我很想念你啊！,长远勿见，我老想念侬额！,s4t5z9F
迎送问候,我也常想来看看你！,我也常常想来望望侬。,sJtXz9N
迎送问候,今天碰到你，我很高兴。,今朝碰到侬我交关开心。,sVtBz9E
迎送问候,你最近身体好吗？,侬搿抢身体好伐？,srt1z8a
迎送问候,身体挺好的。,身体蛮好。,shtez8F
迎送问候,你最近好吗？,侬最近好伐？,s9toz8A
迎送问候,还可以，不是很忙。你怎么样？,还好，勿大忙，侬呢？,s0t2z8S
迎送问候,最近一阵很忙！,搿抢里我老忙额！,sMtwz8F
迎送问候,张阿姨，是我来了。,张阿姨，是我来了。,sstBz73
迎送问候,请进来！,请进来！,sgtyz7T
迎送问候,来，来，坐啊，请坐。,来，来，坐啊，请坐。,s6tAz7e
迎送问候,没什么可以招待你。,没啥好招待侬额。,sJtrz7T
迎送问候,你想喝咖啡还是喝茶？,侬要吃咖啡还是要吃茶啊？,sTtcz7s
迎送问候,阿姨，您别客气，喝点开水就行。,阿姨勿要客气，倒杯白开水吃吃好了。,stt2z6d
迎送问候,今天过来，有些什么事啊？,今朝侬上门来，有点啥事体啊？,sbtjz6J
迎送问候,我有点儿小事情想请您帮忙。,吾有点小事体想请侬帮忙。,sEt6z6I
迎送问候,你要走了吗？,侬要走啦？,sUt6z6l
迎送问候,时间不早了，我先回去了。,辰光勿早了，我要回去了。,sxtgz5q
迎送问候,再坐一会儿吧！,再坐一歇好。,s5tpz5z
迎送问候,不坐了，我还有点事。,勿坐了，我还有点事体了海。,sDt3z5h
迎送问候,那我送送你。,葛末我送送侬。,sStnz5U
迎送问候,不用了，我自己走。,勿要送得个，吾自家走。,syt0z4n
迎送问候,没关系，就送你到电梯口。,勿要紧个，送侬到电梯口。,sjtxz4f
迎送问候,谢谢，谢谢。,谢谢，谢谢。,s4tqz4U
迎送问候,走好，走好，这儿有灯，开一下。,走好，走好，搿搭盏灯开一开。,sDtEz4j
迎送问候,别送了，请留步。,留步，留步，勿要送了。,sStZz4f
迎送问候,再见！有空多来玩儿！,再会！有空多来白相相！,sttqz30
迎送问候,一定来。再见！,一定来。拜哎，拜哎！,shtFz3d
迎送问候,麻烦你了。,麻烦侬了。,sFtaz3d
迎送问候,搞的你今天累死了！,乃弄得侬今朝吃力煞了！,sMtqz3R
迎送问候,没关系！,勿搭界个！,sXtNz3I
迎送问候,还有什么要我帮忙吗？,侬还有啥个事体要我帮忙伐？,svtZz2o
迎送问候,没了。,没啥了。,sitIz27
迎送问候,我真不好意思。,吾老勿好意思。,sbtGz28
迎送问候,谢谢你！,谢谢侬！,s1tUz2F
迎送问候,谢什么，甭谢，没关系的。,谢啥！勿要谢，我没关系额。,sGttz2r
迎送问候,请让我一下好吗？,谢谢侬让一让好伐？,sXtbz22
迎送问候,哦，你能走这儿吗？,噢，搿搭侬好走伐？,srtpz17
介绍认识,请问你贵姓？,请问侬贵姓？,sUtAz15
介绍认识,我姓李。,吾姓李。,swtvz0Q
介绍认识,全名是什么？,大名叫啥？,sptHz0i
介绍认识,我叫李超。,大名叫李超。,sht2z0n
介绍认识,他是谁？,伊啥人啊？,s8tTz05
介绍认识,他是王晓明。,伊是王晓明。,sAtpz0d
介绍认识,他是哪里人？,伊啥地方人？,sIt8z0l
介绍认识,我是上海人。,吾是上海人。,sQtIz0t
介绍认识,他从哪儿来？,伊啥地方来额？,sktazA8
介绍认识,他从南京来。,伊南京来额。,sctkzAd
介绍认识,请问你在哪工作？,请问侬辣辣阿里搭工作？,s5t9zAP
介绍认识,给你看，这是我的名片。,喏，搿个是吾额名片。,sHtczAA
介绍认识,你来上海多久了？,侬到上海来了多少辰光了？,sTt7zAa
介绍认识,我来了好长时间了。,吾来了交关辰光了。,sutKzBI
介绍认识,你会说上海话吗？,侬上海言话讲得来伐？,sjtKzBs
介绍认识,能听懂一点，但不会说。,听是听得懂一眼眼，讲是讲勿来额。,s7tOzBW
介绍认识,你是做什么的？,侬是做啥额？,sKtfzBP
介绍认识,我是我们公司的销售。,吾是阿拉公司个推销员。,sStPzBo
介绍认识,那位是做什么的？,埃面一位是做啥额？,sjtYzCP
介绍认识,他也是销售。,伊也是推销员。,satUzCq
介绍认识,请问你贵姓？,请问侬贵姓？,sUtAz15
介绍认识,我姓李。,吾姓李。,swtvz0Q
介绍认识,全名是什么？,大名叫啥？,sptHz0i
介绍认识,我叫李超。,大名叫李超。,sht2z0n
介绍认识,他是谁？,伊啥人啊？,s8tTz05
介绍认识,他是王晓明。,伊是王晓明。,sAtpz0d
介绍认识,他是哪里人？,伊啥地方人？,sIt8z0l
介绍认识,我是上海人。,吾是上海人。,sQtIz0t
介绍认识,他从哪儿来？,伊啥地方来额？,sktazA8
介绍认识,他从南京来。,伊南京来额。,sctkzAd
介绍认识,请问你在哪工作？,请问侬辣辣阿里搭工作？,s5t9zAP
介绍认识,给你看，这是我的名片。,喏，搿个是吾额名片。,sHtczAA
介绍认识,你来上海多久了？,侬到上海来了多少辰光了？,sTt7zAa
介绍认识,我来了好长时间了。,吾来了交关辰光了。,sutKzBI
介绍认识,你会说上海话吗？,侬上海言话讲得来伐？,sjtKzBs
介绍认识,能听懂一点，但不会说。,听是听得懂一眼眼，讲是讲勿来额。,s7tOzBW
介绍认识,你是做什么的？,侬是做啥额？,sKtfzBP
介绍认识,我是我们公司的销售。,吾是阿拉公司个推销员。,sStPzBo
介绍认识,那位是做什么的？,埃面一位是做啥额？,sjtYzCP
介绍认识,他也是销售。,伊也是推销员。,satUzCq
情感表达,给大家唱个歌吧？,唱只歌拨大家听好伐？,slzNz6r
情感表达,行。唱首什么呢？,好个。唱只啥？,sazrz6t
情感表达,我这首歌唱得好不好？,吾只歌唱了好勿好？,s1zVz6d
情感表达,挺好的，不错。,蛮好，勿推板。,sJzqz6A
情感表达,你看这两张照片哪张好？,侬看两张照片阿里张好？,sszDz57
情感表达,我觉得这张好。,吾想是搿张好。,sfzNz5H
情感表达,这个东西是你的吗？,搿额物事是侬额伐？,s7zRz5t
情感表达,这是我的。,搿是吾额。,sDzaz51
情感表达,你知道这件事吗？,搿桩事体侬晓得伐？,sJzWz50
情感表达,怎么会不知道呢？,哪能勿晓得呢？,sTz3z5e
情感表达,我为什么一定要知道？,吾为啥一定要晓得呢？,syz0z4K
情感表达,你不关心，所以不知道。,侬勿关心，所以勿晓得。,sozUz4I
情感表达,我很爱你。,吾老喜欢侬个。,sczZz42
情感表达,我就是佩服你。,吾就是服帖侬。,s3z6z4T
情感表达,你赞成他做的事情吗？,伊做个事体侬赞成个伐？,sNz7z4C
情感表达,我当然同意。,吾当然同意个。,sYz7z4y
情感表达,你到底答应吗？,侬答应勿啦？,stzvz37
情感表达,我从来没有答应过。,勿答应，吾从来没答应过。,smzkz3V
情感表达,你知道他考GRE、TOEFL吗？,伊考GRE、TOEFL，侬晓得勿啦？,s9zRz3s
情感表达,我不清楚。,吾勿大清桑。,sHzvz3t
情感表达,给大家唱个歌吧？,唱只歌拨大家听好伐？,slzNz6r
情感表达,行。唱首什么呢？,好个。唱只啥？,sazrz6t
情感表达,我这首歌唱得好不好？,吾只歌唱了好勿好？,s1zVz6d
情感表达,挺好的，不错。,蛮好，勿推板。,sJzqz6A
情感表达,你看这两张照片哪张好？,侬看两张照片阿里张好？,sszDz57
情感表达,我觉得这张好。,吾想是搿张好。,sfzNz5H
情感表达,这个东西是你的吗？,搿额物事是侬额伐？,s7zRz5t
情感表达,这是我的。,搿是吾额。,sDzaz51
情感表达,你知道这件事吗？,搿桩事体侬晓得伐？,sJzWz50
情感表达,怎么会不知道呢？,哪能勿晓得呢？,sTz3z5e
情感表达,我为什么一定要知道？,吾为啥一定要晓得呢？,syz0z4K
情感表达,你不关心，所以不知道。,侬勿关心，所以勿晓得。,sozUz4I
情感表达,我很爱你。,吾老喜欢侬个。,sczZz42
情感表达,我就是佩服你。,吾就是服帖侬。,s3z6z4T
情感表达,你赞成他做的事情吗？,伊做个事体侬赞成个伐？,sNz7z4C
情感表达,我当然同意。,吾当然同意个。,sYz7z4y
情感表达,你到底答应吗？,侬答应勿啦？,stzvz37
情感表达,我从来没有答应过。,勿答应，吾从来没答应过。,smzkz3V
情感表达,你知道他考GRE、TOEFL吗？,伊考GRE、TOEFL，侬晓得勿啦？,s9zRz3s
情感表达,我不清楚。,吾勿大清桑。,sHzvz3t
情感表达,你愿意去海滩吗？,海滩高头侬高兴去伐？,sOzGz32
情感表达,你不准备去吗？,侬阿是勿准备去？,sZz7z37
情感表达,我不愿意做保姆。,要吾做保姆，吾勿情愿去。,ssz4z2R
情感表达,我不会反对他去。,吾勿会反对伊去额。,sdzDz28
情感表达,你怎么连动也不动？,侬哪能动也勿动额？,sEzVz2w
情感表达,我理也不要理他！,啥人睬伊！吾睬也勿要睬伊！,sPzjz2y
情感表达,快一点吧！,快一点好伐！,suzxz1w
情感表达,急什么！,急啥急啦！,sozMz11
情感表达,你怎么这么慢！,侬哪能介慢个啦！,shzKz12
情感表达,为什么不听我的话呢？,为啥勿听吾个闲话？,s6zhz1Z
情感表达,怎么不告诉我应该怎样做？,哪能勿告诉吾哪能做？,sEzJz1d
情感表达,你为什么要骂人家？,侬啥事体要骂宁家？,sPzvz1f
情感表达,为什么不早点说！,啥体勿早点讲！,szz5z0H
情感表达,叫你去为什么不去？,叫侬去为啥K勿去？,sqznz02
情感表达,一切都是为了你，所以不去！,为来为去侪为了侬，所以勿去！,s4zhz0t
情感表达,你这种人太差劲了！,侬搿牌人推扳勿啦！,sKzaz0G
情感表达,你有点素质行吗！,侬素质高一点好伐！,sVzQz0w
情感表达,我真不好意思！,吾真勿好意思！,suzQzAN
情感表达,因为我没听到。,吾没听到K。,slzezAq
情感表达,我做得太潦草了。,吾做了实在忒搭浆了。,sezXzAA
情感表达,非常抱歉，真对不起你！,实在是勿好意思，真对侬勿起！,s3zozAO
情感表达,门打不开！,门开勿开！,sLzKzAd
情感表达,把这条阴沟通好！,搿条阴沟通好伊!,sTzAzAi
情感表达,替我寄了那封信！,搿封信脱吾寄脱伊！,swzVzBk
情感表达,把脏衣服拿去洗洗！,龌龊衣裳去伊！,sczJzBk
情感表达,你把他叫来。,侬去叫伊来。,s2z3zB4
情感表达,你们跟我来。,吾带亻那去。,sEzVzB7
情感表达,跟我来！,脱我来！,sMzLzBc
情感表达,快点去！别慢腾腾、呆头呆脑的！,快点去！慢吞吞、木笃笃做啥！,sTzhzBb
情感表达,等我一下，等一会儿！,等等我，慢慢叫！,ssz1zCx
情感表达,给你！,喏，拨侬！,shzKzCV
情感表达,请往前跨一步。,请朝前一步。,sazIzCU
情感表达,过去一点！,走过去一眼！,s2zMzCg
情感表达,走啊！大家可以开始走了！,走呀！大家走起来！,sEzKzCh
情感表达,小心轻放！,轻轻叫放！,sYzSzC3
情感表达,请安静一点！,静一点好伐！,stzwzDZ
情感表达,我时间来不及了，你快点！,吾辰光来勿及，侬快点好勿啦！,smz7zDW
情感表达,排好队，不要插队！,排好队，勿要插队！,s6z7zD7
情感表达,不能乱碰！,勿好去瞎碰个！,sDzkzDI
情感表达,你别来捣蛋可以吗？,侬勿要来捣蛋好勿啦！,sLzgzDs
走亲会友,我们跟爸爸妈妈已经不在一起吃住了。,阿拉脱老爸老妈已经分开住分开吃了。,sRxPzkt
走亲会友,我星期天常常到岳父岳母家去帮他们干点家务。,我礼拜天常常到丈人老头搭去帮伊拉做点力气生活。,ssxpzjp
走亲会友,我们今年要给公公做八十大寿。,阿拉今年要帮阿公老头做八十大寿。,sExyzjs
走亲会友,外甥今年考大学少了几分，没有考进重点大学。,外甥今年考大学缺了几分没考进重点大学。,sSxOzj6
走亲会友,我表妹半年前生了个大胖小孩。,阿拉表妹半年前养小囡养了一个大胖儿子。,snxpziX
走亲会友,舅妈她单位不景气，她下岗后去做了月嫂，收入却不错。,舅妈拉单位勿景气，伊下岗以后去做月嫂收入倒蛮好。,sDxHziA
走亲会友,舅舅那好久没去了，他常常一个人在家太寂寞。,娘舅拉长远勿去了，伊经常一家头辣屋里忒厌气。,sxxbzhb
走亲会友,今天我们一家人都去叔叔家玩好吗？,今朝阿拉一家门侪到爷叔搭去白相好伐？,sdxazhf
走亲会友,你看买点什么东西给他吃？,侬看买点啥个物事拨伊吃吃？,sDxwzhi
走亲会友,我买好了，两盒西洋参，五斤苹果，还有十只蟹。,我买好了，两盒西洋参，五斤苹果，还有十只蟹。,sQxfzhj
走亲会友,在这个茶室里碰头，情调不错。,辣辣搿搭茶室里碰头，情调勿推扳。,snxQzgk
走亲会友,你要喝什么茶？泡壶柠檬红茶好吗？,侬要吃啥茶？来壶柠檬红茶喝喝好伐？,s6xjzgI
走亲会友,再点些瓜子、腰果、杏仁什么的尝尝。,再弄点瓜子、腰果、杏仁K啥剥剥。,sMxDzgn
走亲会友,王兄，你现在在做什么生意？,王兄，侬现在辣辣跑啥生意了？,syx9zf1
走亲会友,这两天我辞职了，下个月有家独资公司聘我去工作。,搿两日工作我回头脱了，下个月有家独资公司聘我去。,skxMzfW
走亲会友,大哥真行!哪像我待在半死不活的公司里。,老兄有噱头个！勿像我死样怪气个单位里捂辣海。,sPxUzfr
走亲会友,你应该跳槽，我介绍你到我连襟的公司作。,侬应该跳槽，我介绍侬到阿拉连襟额公司去做。,ssxDze4
走亲会友,你的艺术细胞很丰富，所以做装潢设计完全有能力。,侬额艺术细胞太丰富，做装潢设计完全来赛。,s9xeze1
走亲会友,给你添麻烦了！,帮侬添麻烦了！,sJxIzex
走亲会友,朋友之间，我既然说出口，就会帮忙帮到底的。,朋友淘里，我讲出了末，就帮忙帮到底。,sRxLze8
走亲会友,我们跟爸爸妈妈已经不在一起吃住了。,阿拉脱老爸老妈已经分开住分开吃了。,sRxPzkt
走亲会友,我星期天常常到岳父岳母家去帮他们干点家务。,我礼拜天常常到丈人老头搭去帮伊拉做点力气生活。,ssxpzjp
走亲会友,我们今年要给公公做八十大寿。,阿拉今年要帮阿公老头做八十大寿。,sExyzjs
走亲会友,外甥今年考大学少了几分，没有考进重点大学。,外甥今年考大学缺了几分没考进重点大学。,sSxOzj6
走亲会友,我表妹半年前生了个大胖小孩。,阿拉表妹半年前养小囡养了一个大胖儿子。,snxpziX
走亲会友,舅妈她单位不景气，她下岗后去做了月嫂，收入却不错。,舅妈拉单位勿景气，伊下岗以后去做月嫂收入倒蛮好。,sDxHziA
走亲会友,舅舅那好久没去了，他常常一个人在家太寂寞。,娘舅拉长远勿去了，伊经常一家头辣屋里忒厌气。,sxxbzhb
走亲会友,今天我们一家人都去叔叔家玩好吗？,今朝阿拉一家门侪到爷叔搭去白相好伐？,sdxazhf
走亲会友,你看买点什么东西给他吃？,侬看买点啥个物事拨伊吃吃？,sDxwzhi
走亲会友,我买好了，两盒西洋参，五斤苹果，还有十只蟹。,我买好了，两盒西洋参，五斤苹果，还有十只蟹。,sQxfzhj
走亲会友,在这个茶室里碰头，情调不错。,辣辣搿搭茶室里碰头，情调勿推扳。,snxQzgk
走亲会友,你要喝什么茶？泡壶柠檬红茶好吗？,侬要吃啥茶？来壶柠檬红茶喝喝好伐？,s6xjzgI
走亲会友,再点些瓜子、腰果、杏仁什么的尝尝。,再弄点瓜子、腰果、杏仁K啥剥剥。,sMxDzgn
走亲会友,王兄，你现在在做什么生意？,王兄，侬现在辣辣跑啥生意了？,syx9zf1
走亲会友,这两天我辞职了，下个月有家独资公司聘我去工作。,搿两日工作我回头脱了，下个月有家独资公司聘我去。,skxMzfW
走亲会友,大哥真行!哪像我待在半死不活的公司里。,老兄有噱头个！勿像我死样怪气个单位里捂辣海。,sPxUzfr
走亲会友,你应该跳槽，我介绍你到我连襟的公司作。,侬应该跳槽，我介绍侬到阿拉连襟额公司去做。,ssxDze4
走亲会友,你的艺术细胞很丰富，所以做装潢设计完全有能力。,侬额艺术细胞太丰富，做装潢设计完全来赛。,s9xeze1
走亲会友,给你添麻烦了！,帮侬添麻烦了！,sJxIzex
走亲会友,朋友之间，我既然说出口，就会帮忙帮到底的。,朋友淘里，我讲出了末，就帮忙帮到底。,sRxLze8
请人帮忙,今晚请你帮我把这些DVD碟片带回去。,今朝夜快头请侬帮我拿搿点DVD碟片带回去。,sQxXz95
请人帮忙,你到厨房里拿把锤子给我。,侬到厨房间里一把榔头脱我拿来。,sqxTz8z
请人帮忙,你帮我把这两封信寄出去好吗？,搿两封信侬帮我寄脱好伐？,sbxGz8d
请人帮忙,请你帮我看看，抽水马桶坏了吗？,请侬来帮我看看，抽水马桶坏脱了伐？,sCxPz8j
请人帮忙,我帮你把应用软件统统重新安装。,我索性帮侬拿应用软件统统调脱伊。,sSxpz8f
请人帮忙,灯不亮了，你帮我看看好吗？,灯开勿亮了，侬帮我来看看好伐？,ssxoz7p
请人帮忙,最后一次请你了，你要认真负责点替我做好！,辣末一趟请侬，侬要脱我顶真点做做好！,sdxaz75
请人帮忙,麻烦你帮我把灯关了，我想睡觉。,我谢谢侬帮帮忙，脱我灯关关脱，我想觉了。,szxMz6s
请人帮忙,你把窗门打开，把空调关了！,侬窗门开开，拿空调关脱伊！,sexlz6y
请人帮忙,如果还有其他事情需要我帮忙，就给我打电话。,要是还有别喝个事体要我帮忙，就打电话拨我。,s0xAz6a
请人帮忙,如果你的新房子装修好了，我来帮你搬家。,假使侬新房子已经装修好了，我就来帮侬搬场。,sQxzz6S
请人帮忙,要是搬不动，就多叫几个人来搬。,搬勿动末，多叫几个人来搬。,srx4z58
请人帮忙,下个星期除了一三有事，其他日子我都有空。,下个礼拜除脱礼拜一礼拜三有事体，我其他日脚侪可以额。,sexsz5Y
请人帮忙,因为今明两天我休息，所以趁机快点把它搬好。,今朝明朝我侪休息，趁机会快点搬好伊。,sKxdz55
请人帮忙,这些锅都可以扔掉了。,搿眼钢宗锅子侪好掼脱伊。,szxdz4z
请人帮忙,前几年买的那个脱排油烟机过时了，所以我要换掉。,早两年买额搿只脱排油烟机过时了，葛K我要买则新额。,smxaz44
请人帮忙,书和杂志太重，所以我要用小纸板箱装。,书脱杂志忒重了，我拿小纸板箱装。,sKxkz4U
请人帮忙,这些破烂，你还不丢？,搿眼破烂，侬还勿掼脱伊啊？,spxjz3p
请人帮忙,既然房间里新家具都买好了，这些旧家具都可以丢掉了。,房间新家生侪买好了末，搿点破家生侪可以脱了！,sex6z3w
请人帮忙,既然你这么喜欢种花，那阳台就专门放花盆吧。,既然侬介欢喜种花，侬埃只阳台就专门摆花盆好。,sHx1z3v
请人帮忙,今晚请你帮我把这些DVD碟片带回去。,今朝夜快头请侬帮我拿搿点DVD碟片带回去。,sQxXz95
请人帮忙,你到厨房里拿把锤子给我。,侬到厨房间里一把榔头脱我拿来。,sqxTz8z
请人帮忙,你帮我把这两封信寄出去好吗？,搿两封信侬帮我寄脱好伐？,sbxGz8d
请人帮忙,请你帮我看看，抽水马桶坏了吗？,请侬来帮我看看，抽水马桶坏脱了伐？,sCxPz8j
请人帮忙,我帮你把应用软件统统重新安装。,我索性帮侬拿应用软件统统调脱伊。,sSxpz8f
请人帮忙,灯不亮了，你帮我看看好吗？,灯开勿亮了，侬帮我来看看好伐？,ssxoz7p
请人帮忙,最后一次请你了，你要认真负责点替我做好！,辣末一趟请侬，侬要脱我顶真点做做好！,sdxaz75
请人帮忙,麻烦你帮我把灯关了，我想睡觉。,我谢谢侬帮帮忙，脱我灯关关脱，我想觉了。,szxMz6s
请人帮忙,你把窗门打开，把空调关了！,侬窗门开开，拿空调关脱伊！,sexlz6y
请人帮忙,如果还有其他事情需要我帮忙，就给我打电话。,要是还有别喝个事体要我帮忙，就打电话拨我。,s0xAz6a
请人帮忙,如果你的新房子装修好了，我来帮你搬家。,假使侬新房子已经装修好了，我就来帮侬搬场。,sQxzz6S
请人帮忙,要是搬不动，就多叫几个人来搬。,搬勿动末，多叫几个人来搬。,srx4z58
请人帮忙,下个星期除了一三有事，其他日子我都有空。,下个礼拜除脱礼拜一礼拜三有事体，我其他日脚侪可以额。,sexsz5Y
请人帮忙,因为今明两天我休息，所以趁机快点把它搬好。,今朝明朝我侪休息，趁机会快点搬好伊。,sKxdz55
请人帮忙,这些锅都可以扔掉了。,搿眼钢宗锅子侪好掼脱伊。,szxdz4z
请人帮忙,前几年买的那个脱排油烟机过时了，所以我要换掉。,早两年买额搿只脱排油烟机过时了，葛K我要买则新额。,smxaz44
请人帮忙,书和杂志太重，所以我要用小纸板箱装。,书脱杂志忒重了，我拿小纸板箱装。,sKxkz4U
请人帮忙,这些破烂，你还不丢？,搿眼破烂，侬还勿掼脱伊啊？,spxjz3p
请人帮忙,既然房间里新家具都买好了，这些旧家具都可以丢掉了。,房间新家生侪买好了末，搿点破家生侪可以脱了！,sex6z3w
请人帮忙,既然你这么喜欢种花，那阳台就专门放花盆吧。,既然侬介欢喜种花，侬埃只阳台就专门摆花盆好。,sHx1z3v
工作求职,一旦培训期满，我就可以做一个保险代理人。,一旦培训期满，我就可以做一个银行出纳员。,sXxYzKi
工作求职,只有当我自己做生意时，我才觉得称心如意。,只有我自家开始做生意个辰光，我再觉着称心如意。,s7x2zLE
工作求职,已经退休了，但还常常被他们请去做顾问。,退休也退休了，还常常拨伊拉请得去做顾问。,sNx9zL3
工作求职,他的工资很高，工作时间也相当理想。,伊个工作工资老高，工作辰光也交关理想。,ssx8zM7
工作求职,只要他在事业上做出点成就，就可能被派到国外去合作。,只要伊辣事业浪做出成就，就可能派到国外去合作。,s9xAzM7
工作求职,我喜欢画油画，但是我不想把它作为我的职业。,我喜欢画油画，但是我勿想拿伊做我额终身职业。,sMxszML
工作求职,不管你到不到这家厂里去工作，都要告诉我一声。,勿管侬到勿到搿爿厂去工作，总归要告诉我一声。,srxnzNM
工作求职,他这边托人，那边应聘，总而言之都是为了要做自己称心的活儿。,伊东托人，西应聘，为来为去为仔做自家称心额生活。,s6xgzNr
工作求职,即使我拿不到高工资，我也不敢放弃这个饭碗。,即使我拿勿到高个工资，我也勿肯放弃搿只饭碗。,sRxrzNy
工作求职,今天即使再忙，也要干完这点活儿再走。,今朝忙做忙，也要做光搿点生活再走。,spxVzO6
工作求职,先生，请你自我介绍一下，有些什么专长？,先生，请侬自我介绍一下，侬有啥个专长？,s9xHzO4
工作求职,我有较强的英语听力、口语、写作能力。,我既有比较强个英文听力、口语、写作能力。,sUxPzOU
工作求职,你为什么要来我们公司应聘？,侬为啥要到阿拉公司来应聘？,smxYzPU
工作求职,因为在你们公司的业务里能发挥我的特长。,因为(亻那)公司个业务能够发挥我个特长。,s9xpzP6
工作求职,你认为自己可以胜任哪些方面的工作？,侬认为自己可以做阿里方面个工作？,sFx4zP2
工作求职,我可以做英中双向翻译，参加和外国人交际谈判。,我可以做中英双向翻译，参加脱外国人交际谈判。,sWxNzPW
工作求职,我要报考你们的职业培训班，哪天考试？,我要报考(亻那)个职业培训班，啥辰光考试？,sfxCzQP
工作求职,请你把这张表格填好，考试就在这个月12号。,请侬拿搿张表格填好，考试就辣搿个号头十廿号。,sDxfzQS
工作求职,如果通过了，要学几个月？,假使考取了，要学几个号头？,sXxrzQf
工作求职,要学4个月，上课全部是用业余时间。,要学三个号头，全部用业余辰光。,soxIzRn
工作求职,一旦培训期满，我就可以做一个保险代理人。,一旦培训期满，我就可以做一个银行出纳员。,sXxYzKi
工作求职,只有当我自己做生意时，我才觉得称心如意。,只有我自家开始做生意个辰光，我再觉着称心如意。,s7x2zLE
工作求职,已经退休了，但还常常被他们请去做顾问。,退休也退休了，还常常拨伊拉请得去做顾问。,sNx9zL3
工作求职,他的工资很高，工作时间也相当理想。,伊个工作工资老高，工作辰光也交关理想。,ssx8zM7
工作求职,只要他在事业上做出点成就，就可能被派到国外去合作。,只要伊辣事业浪做出成就，就可能派到国外去合作。,s9xAzM7
工作求职,我喜欢画油画，但是我不想把它作为我的职业。,我喜欢画油画，但是我勿想拿伊做我额终身职业。,sMxszML
工作求职,不管你到不到这家厂里去工作，都要告诉我一声。,勿管侬到勿到搿爿厂去工作，总归要告诉我一声。,srxnzNM
工作求职,他这边托人，那边应聘，总而言之都是为了要做自己称心的活儿。,伊东托人，西应聘，为来为去为仔做自家称心额生活。,s6xgzNr
工作求职,即使我拿不到高工资，我也不敢放弃这个饭碗。,即使我拿勿到高个工资，我也勿肯放弃搿只饭碗。,sRxrzNy
工作求职,今天即使再忙，也要干完这点活儿再走。,今朝忙做忙，也要做光搿点生活再走。,spxVzO6
工作求职,先生，请你自我介绍一下，有些什么专长？,先生，请侬自我介绍一下，侬有啥个专长？,s9xHzO4
工作求职,我有较强的英语听力、口语、写作能力。,我既有比较强个英文听力、口语、写作能力。,sUxPzOU
工作求职,你为什么要来我们公司应聘？,侬为啥要到阿拉公司来应聘？,smxYzPU
工作求职,因为在你们公司的业务里能发挥我的特长。,因为(亻那)公司个业务能够发挥我个特长。,s9xpzP6
工作求职,你认为自己可以胜任哪些方面的工作？,侬认为自己可以做阿里方面个工作？,sFx4zP2
工作求职,我可以做英中双向翻译，参加和外国人交际谈判。,我可以做中英双向翻译，参加脱外国人交际谈判。,sWxNzPW
工作求职,我要报考你们的职业培训班，哪天考试？,我要报考(亻那)个职业培训班，啥辰光考试？,sfxCzQP
工作求职,请你把这张表格填好，考试就在这个月12号。,请侬拿搿张表格填好，考试就辣搿个号头十廿号。,sDxfzQS
工作求职,如果通过了，要学几个月？,假使考取了，要学几个号头？,sXxrzQf
工作求职,要学4个月，上课全部是用业余时间。,要学三个号头，全部用业余辰光。,soxIzRn
工作求职,要考哪些科目？有参考书吗？,啥个内容要考？参考书有伐？,s9xWzR3
工作求职,你看这张表吧，上面写得很清楚了。,侬看搿张表好，高头已经写清爽了。,sRxpzRk
工作求职,先生，我是来找工作的。,先生，我想寻一份工作。,stxWzSi
工作求职,你想找哪个方面的工作？,侬想找阿里方面额工作？,sgxszSQ
工作求职,做餐馆服务员啊、酒吧招待员啊，都可以。,做餐馆服务员啊、酒吧招待员啊，侪可以。,s5xfzSJ
工作求职,你会说普通话吗？,侬普通话讲得来伐？,sNxxzSM
工作求职,当然会，不过上海话不太会说。,当然会额，不过上海言话讲大勿来。,sVxRzSd
工作求职,没关系，当然最好还是学学上海话。,勿要紧个，当然最好还是买本会话书学学上海话。,spxEzTI
工作求职,海词网要招一个编辑，你有兴趣吗？,海词网要招一个编辑，侬有兴趣伐？,s5xFzTE
工作求职,好啊，薪水多少？有休息天吗？,好个呀，薪金多少？休息日有伐？,sKxzzTI
工作求职,每月2千元，每周2天休息，行吗？,每额号头两千元，每额礼拜休息两天，可以伐？,szxEzUF
工作求职,请你把这张表填一下，等我们的通知。,请侬搿张表填一填，等阿拉拉个通知。,s8xuzUS
工作求职,不是瞎说，我这份工作真是没劲！,勿是瞎讲，我搿份工作真叫呒没劲！,sFx7zUj
工作求职,你常常出差，东南西北闯，太潇洒啦！,侬常常出差，东南西北闯闯，勿要忒潇洒噢！,sUxGzUA
工作求职,长年累月东奔西走的忙死了，生活太没有规律了。,长年累月东奔西走忙煞了，生活忒呒没规律了。,skxrzV5
工作求职,你的差事换给我做就好了。,侬个工作调拨我做做就好了。,s1xVzVW
工作求职,真叫看人挑担不吃力，我和你换一换好吗？,真叫看人挑担勿吃力，我脱侬调一调好伐？,sJxVzVe
工作求职,实在是显得没事干。,空是空得来没事体做。,syxEzWI
工作求职,工资是你的零头，上班时间随便混混。,工资末，是侬个零头；上班末，大家淘淘浆糊。,soxMzWn
工作求职,下班时间还没到，大家就想溜走。,下班辰光勿到末，大家就想滑脚。,s5xpzWy
服饰美容,小姐，我想买件样子好点的西装。,小姐，我想买一件西装，样子好一眼个。,sFzMzZ1
服饰美容,这里一排都是进口面料的欧版西装。,搿搭一排侪是进口面料欧版个西装。,syyEzzu
服饰美容,这种比那种颜色深一点。,搿种颜色比伊种稍为深一点。,shyhzzx
服饰美容,你看这两件做工要比那些好。,侬看搿两件做工要比伊面个考究。,s3yLzzp
服饰美容,我看你穿颜色淡点的更加好。,你看侬穿稍为淡一点个颜色更加好。,sPykzzJ
服饰美容,我比你高一点，有没有比这个大一号的尺码？,我比侬长一点点，比搿个尺码大一点个有伐？,ssygzyf
服饰美容,旁边一排衣服跟这里的衣服都一样。,旁边一排衣裳跟搿搭个衣裳没啥两样。,s9y7zyf
服饰美容,深藏青没黑色好看，是不是？,深藏青阿是及勿上黑颜色好看？,szyyzxN
服饰美容,这里的衬衫没那里的服帖。,搿搭额衬衫呒伊面个挺刮。,sly5zxV
服饰美容,你看那件好点吧？,侬看埃面一件要好点伐？,s8yszx7
服饰美容,这条领带颜色亮一点，跟这件西装比较配。,搿条领带颜色亮一点，跟搿件西装比较配。,sEybzx8
服饰美容,这些西装跟那些一样，全部打九折。,搿眼西装脱埃面额一样，全部打九折。,sZybzxw
服饰美容,先生小姐，你们需要买什么首饰？,先生小姐，亻那要买点啥个首饰？,shy2zww
服饰美容,让我们先看看。,让阿拉先看看再讲。,s1y3zw0
服饰美容,现在铂金首饰非常受欢迎。,现在铂金首饰邪气热闹。,sJyozwL
服饰美容,小姐已经有个戒指，要不要再配条铂金项链？,小姐已经有一只戒指，要勿要配条铂金项链？,sVyczwf
服饰美容,可以。你这有哪几种款式，给我看看。,好个。亻那搭有几种款式，拨我看看叫。,skypzvM
服饰美容,这一排有十二条，都很不错。,侬看我搿搭一排生有十二条，侪老灵个。,sNy8zvd
服饰美容,那边柜台里也有很多呢。,还有埃面柜台里向也有交关。,sqyXzue
服饰美容,我看这条挺大方的。,我看搿条蛮大方额。,scyMzuy
服饰美容,小姐，我想买件样子好点的西装。,小姐，我想买一件西装，样子好一眼个。,sFzMzZ1
服饰美容,这里一排都是进口面料的欧版西装。,搿搭一排侪是进口面料欧版个西装。,syyEzzu
服饰美容,这种比那种颜色深一点。,搿种颜色比伊种稍为深一点。,shyhzzx
服饰美容,你看这两件做工要比那些好。,侬看搿两件做工要比伊面个考究。,s3yLzzp
服饰美容,我看你穿颜色淡点的更加好。,你看侬穿稍为淡一点个颜色更加好。,sPykzzJ
服饰美容,我比你高一点，有没有比这个大一号的尺码？,我比侬长一点点，比搿个尺码大一点个有伐？,ssygzyf
服饰美容,旁边一排衣服跟这里的衣服都一样。,旁边一排衣裳跟搿搭个衣裳没啥两样。,s9y7zyf
服饰美容,深藏青没黑色好看，是不是？,深藏青阿是及勿上黑颜色好看？,szyyzxN
服饰美容,这里的衬衫没那里的服帖。,搿搭额衬衫呒伊面个挺刮。,sly5zxV
服饰美容,你看那件好点吧？,侬看埃面一件要好点伐？,s8yszx7
服饰美容,这条领带颜色亮一点，跟这件西装比较配。,搿条领带颜色亮一点，跟搿件西装比较配。,sEybzx8
服饰美容,这些西装跟那些一样，全部打九折。,搿眼西装脱埃面额一样，全部打九折。,sZybzxw
服饰美容,先生小姐，你们需要买什么首饰？,先生小姐，亻那要买点啥个首饰？,shy2zww
服饰美容,让我们先看看。,让阿拉先看看再讲。,s1y3zw0
服饰美容,现在铂金首饰非常受欢迎。,现在铂金首饰邪气热闹。,sJyozwL
服饰美容,小姐已经有个戒指，要不要再配条铂金项链？,小姐已经有一只戒指，要勿要配条铂金项链？,sVyczwf
服饰美容,可以。你这有哪几种款式，给我看看。,好个。亻那搭有几种款式，拨我看看叫。,skypzvM
服饰美容,这一排有十二条，都很不错。,侬看我搿搭一排生有十二条，侪老灵个。,sNy8zvd
服饰美容,那边柜台里也有很多呢。,还有埃面柜台里向也有交关。,sqyXzue
服饰美容,我看这条挺大方的。,我看搿条蛮大方额。,scyMzuy
服饰美容,先生眼光真好，要不要试戴一下？,先生眼光真好，阿要试试戴戴看？,s2yGzuy
服饰美容,你看，很漂亮！,侬看，瞎嗲！,sPyhzuE
服饰美容,我觉得太贵，再说没什么特别好看……,我觉着价细忒贵，再讲没啥特别好看……,szyPztL
服饰美容,那我们到别的地方再去看看。,要末阿拉到别个地方再去看看。,sfyQztH
服饰美容,欢迎光临，小姐今天要剪发还是烫发？,欢迎光临，小姐今朝头发要剪一剪还是烫一烫？,s0yKztN
服饰美容,这有游离子烫、负离子烫、直板烫、钢丝烫。,搿搭烫发有游离子烫、负离子烫、直板烫、钢丝烫。,sXykzt7
服饰美容,不用，洗洗再吹吹吧。,用勿着，一、吹一吹就可以了。,scyrzs9
服饰美容,你要干洗还是湿洗？,侬要干还是湿啊？,sPyDzsJ
服饰美容,干洗吧。,干好了。,szyJzrS
服饰美容,轻点还是重点？,轻一眼还是重一眼？,ssyjzrT
服饰美容,现在正好。,现在正好，勿重也勿轻。,shyczrx
服饰美容,头还痒吗？如果不痒，就去冲掉它好吗？,头还痒兮兮伐？勿痒末，去冲脱伊好伐？,s3yCzrG
服饰美容,要帮你再按摩一下吗？,挨下来，脱侬按摩要伐？,sRyozrf
服饰美容,我们还有做面膜、修眉毛、蒸面、香熏、指压。,阿拉还有得做面膜、修眉毛、蒸面、香熏、指压。,swyqzqa
服饰美容,如果小姐要的话，可以打八折。,假使小姐要个言话，好打额八折。,s8yuzqx
服饰美容,谢谢，没时间了，我只要揉揉背和腰就好。,谢谢，没辰光了，我只要捏捏背跟腰好了。,sFy1zqp
服饰美容,欢迎光临，现在人比较多，请坐下来等一下。,欢迎光临，现在人多，请侬坐下来等一歇。,sYyUzqE
服饰美容,你们这生意真好，这么热闹！,亻那搿搭生意真好，介闹猛！,sJyNzpM
服饰美容,你想要长一点还是短一点？,侬想要头发剃得长点还是短点？,szyzzoL
服饰美容,就这么长，再稍微短一点。,照老样子好了，稍为短一点。,skyMzoN
餐饮烹调,今天鸡毛菜比较便宜！,今朝鸡毛菜倒蛮便宜个末！,sdySznL
餐饮烹调,一点也不便宜，很贵。,一点也勿便宜，贵得来热昏！,sIyEznt
餐饮烹调,这么烂的菜还要这么贵！,搿能介烂糟糟额菜要介贵啊！,sVyHznB
餐饮烹调,你仔细看看，很新鲜！,侬看看清爽，勿要忒新鲜噢！,snyezm1
餐饮烹调,土豆很便宜的。,洋山芋(口强)来死个！,s8yxzmp
餐饮烹调,荷兰盖了帽了！,荷兰豆赞得勿得了！,sAyvzml
餐饮烹调,阿姨，今天竹笋很新鲜，称几斤去怎么样？,阿姨，今朝竹笋老嫩个，称两斤去哪能？,sJy2zmj
餐饮烹调,多少钱一斤？,几钿一斤？,syyAzlR
餐饮烹调,一斤四元五角，很便宜的！,四块五角一斤，(口强)得来！,ssykzlW
餐饮烹调,这么贵，太贵了！,介贵个，贵得一塌糊涂！贵了屋里相也勿认得了！,sdypzlx
餐饮烹调,别瞎说，你看，我这的竹笋是最好的!,帮帮忙噢，侬看看，我搭个竹笋是顶好个！,sHyqzlE
餐饮烹调,是吗？那再便宜点！,真额啊？葛卖便宜一眼末好！,shy0zkJ
餐饮烹调,不行，我不能做赔本生意。,勿来三个，我勿好做折本生意额！,s1yezkL
餐饮烹调,好吧，好吧。你给我份量要称足。,好好好。侬份量要称称足。,sMyczkV
餐饮烹调,好的！,一句言话！,sYyrzk3
餐饮烹调,今天我请客。,今朝我来请客。,svyZzjL
餐饮烹调,挑一家好点的饭店。,拣爿好吃点个饭店去吃。,sly7zjN
餐饮烹调,你来点菜。,侬来点菜好。,sayZzjU
餐饮烹调,你们那什么菜最有特色？,亻那搿搭啥个菜最有特色？,s1yOzj5
餐饮烹调,我们有烤乳鸽，吃上去又嫩又香。,阿拉有只烤乳鸽，吃起来嫩笃笃，香喷喷。,sKyMzj0
餐饮烹调,今天鸡毛菜比较便宜！,今朝鸡毛菜倒蛮便宜个末！,sdySznL
餐饮烹调,一点也不便宜，很贵。,一点也勿便宜，贵得来热昏！,sIyEznt
餐饮烹调,这么烂的菜还要这么贵！,搿能介烂糟糟额菜要介贵啊！,sVyHznB
餐饮烹调,你仔细看看，很新鲜！,侬看看清爽，勿要忒新鲜噢！,snyezm1
餐饮烹调,土豆很便宜的。,洋山芋(口强)来死个！,s8yxzmp
餐饮烹调,荷兰盖了帽了！,荷兰豆赞得勿得了！,sAyvzml
餐饮烹调,阿姨，今天竹笋很新鲜，称几斤去怎么样？,阿姨，今朝竹笋老嫩个，称两斤去哪能？,sJy2zmj
餐饮烹调,多少钱一斤？,几钿一斤？,syyAzlR
餐饮烹调,一斤四元五角，很便宜的！,四块五角一斤，(口强)得来！,ssykzlW
餐饮烹调,这么贵，太贵了！,介贵个，贵得一塌糊涂！贵了屋里相也勿认得了！,sdypzlx
餐饮烹调,别瞎说，你看，我这的竹笋是最好的!,帮帮忙噢，侬看看，我搭个竹笋是顶好个！,sHyqzlE
餐饮烹调,是吗？那再便宜点！,真额啊？葛卖便宜一眼末好！,shy0zkJ
餐饮烹调,不行，我不能做赔本生意。,勿来三个，我勿好做折本生意额！,s1yezkL
餐饮烹调,好吧，好吧。你给我份量要称足。,好好好。侬份量要称称足。,sMyczkV
餐饮烹调,好的！,一句言话！,sYyrzk3
餐饮烹调,今天我请客。,今朝我来请客。,svyZzjL
餐饮烹调,挑一家好点的饭店。,拣爿好吃点个饭店去吃。,sly7zjN
餐饮烹调,你来点菜。,侬来点菜好。,sayZzjU
餐饮烹调,你们那什么菜最有特色？,亻那搿搭啥个菜最有特色？,s1yOzj5
餐饮烹调,我们有烤乳鸽，吃上去又嫩又香。,阿拉有只烤乳鸽，吃起来嫩笃笃，香喷喷。,sKyMzj0
餐饮烹调,点个清蒸鲈鱼好，还是蚝油牛肉好？,叫只清蒸鲈鱼好呢，还是蚝油牛肉好？,svyqziw
餐饮烹调,点条活杀大王蛇好吗？,弄条活杀大王蛇吃吃好伐？,s2y3zii
餐饮烹调,叫一个腌笃鲜吧。,来只腌笃鲜末好。,sKy0ziM
餐饮烹调,我要吃本地菜，浓油赤酱的栗子红烧肉。,我要吃本邦菜，栗子红烧肉，浓油赤酱额。,sWy2ziR
餐饮烹调,猪蹄煮得嫩一点，可以吗？,蹄膀笃得酥一点，听到伐！,sgy5zhO
餐饮烹调,蹄筋不能炒烂了，听到吗？,蹄筋勿好炒了糊达达额噢！,s1yPzhS
餐饮烹调,肉丝切得非常细，臭豆腐炸得非常香！,肉丝切得来绝绝细，臭豆腐干煎得来喷喷香！,sLylzhV
餐饮烹调,这只鸭子没煮嫩。,搿只鸭子勿太酥。,stySzgY
餐饮烹调,我拿去再把它煮一下。,我来拿去再烧烧伊。,sjyMzgY
餐饮烹调,再等等，马上就好！,稍为等一歇，马上就好了噢！,s9yUzg7
餐饮烹调,这么多菜够吃了！,点搿眼菜有得吃！,sFyczgA
餐饮烹调,饭不要盛得很多。,饭勿要盛了拍拍满。,sZyazgv
餐饮烹调,今天我结账。,买单！今朝我挺帐。,spyizfJ
餐饮烹调,不用，AA制吧！,勿要噢，劈硬柴好！,scyMzfo
餐饮烹调,今天既然到了城隍庙，就要尝尝上海小吃的味道了。,今朝到城隍庙了末，就要尝尝本邦小吃额味道了。,s1yzzfa
餐饮烹调,这里的“南翔小笼”太好吃了！,搿搭额“南翔小笼”老赞额！,sUyJzfS
餐饮烹调,听说精品鸡鸭血汤很鲜！,听讲一只精品鸡鸭血汤，鲜是鲜得来！,spyvzeW
餐饮烹调,那当然是这里的面筋百叶双档最地道。,葛是搿搭个面筋百叶双档最最正宗额。,s6yzze7
餐饮烹调,一碗绉纱馄饨，皮薄得连肉也看得见！,一碗绉纱馄饨，皮薄是薄得肉也看得见！,sMyqze7
餐饮烹调,咖喱牛肉汤、油豆腐粉丝汤一定要吃。,咖喱牛肉汤、油豆腐线粉汤勿要忘记脱吃。,stypzdb
订房购屋,这里小区的绿地面积多大？,搿搭小区绿地面积有多少？,sEy0z9a
订房购屋,占建筑面积百分之多少？,占建筑总面积百分之几？,sSypz9B
订房购屋,有什么公共设施？,公共设施有眼啥？,swyVz8n
订房购屋,比如，小区健身房、儿童乐园、图书馆等有吗？,譬如讲，小区健身房、儿童乐园、图书馆K(亻齐)有。,slyHz8s
订房购屋,小区旁边出行方便吗？,小区旁边进出方便伐？,sCyuz8x
订房购屋,比如，我要到市中心，有什么车可以坐？,譬如讲，我要到市中心，有啥车子好乘出去伐？,sNybz8F
订房购屋,这里换地铁和轻轨方便吗？,搿搭要调地铁脱轻轨便当伐？,styYz7D
订房购屋,我如果要上高架，哪个路口离这里最近？,我假使要上高架，阿里个路口离搿搭最近？,s1yoz7y
订房购屋,这周围有没有菜市场跟大型超市，买生活用品？,搿搭周围有勿有小菜场跟大型超市，生活用品买？,sSy3z7o
订房购屋,朝南窗口前面还会造高楼，会挡住阳光跟视线吗？,朝南窗口前头还会得造高楼，牢阳光帮视线伐？,skyGz6C
订房购屋,周围环境怎么样？安静吗？晚上会不会吵？,周围环境哪能介？静勿静？夜里相向吵勿吵？,sEyVz6r
订房购屋,小区安全吗？夜里有照明设施吗？,小区安全伐？夜里向有照明设施伐？,sZyUz6K
订房购屋,我想问你们租房子住。,我想问(亻那)租房子蹲蹲。,siyRz5B
订房购屋,房子的光线要好一点，不要在墙角上的房子。,房子个采光条件要好一点，勿要角角头个房子。,s6ybz5I
订房购屋,租的房屋要离我工作地方近一点。,租个房子要离我工作个地方近一眼。,sOyBz5O
订房购屋,我要一室一厅的房子，面积在四十平米左右。,我要一室一厅个房子，面积辣四十额平方左右。,svypz4d
订房购屋,你们那间房子朝向好不好？,(亻那)搿间房子朝向好勿好？,s9ykz4c
订房购屋,煤气不一定要独用，但是卫生要独用。,煤气勿一定要一噶头用，但是卫生要独用额。,sPyBz4o
订房购屋,我最好要高层的三四楼。,我最好要多层个三四楼。,spyOz3i
订房购屋,有没有装修过？,是勿是装修好额？,saywz3V
订房购屋,这里小区的绿地面积多大？,搿搭小区绿地面积有多少？,sEy0z9a
订房购屋,占建筑面积百分之多少？,占建筑总面积百分之几？,sSypz9B
订房购屋,有什么公共设施？,公共设施有眼啥？,swyVz8n
订房购屋,比如，小区健身房、儿童乐园、图书馆等有吗？,譬如讲，小区健身房、儿童乐园、图书馆K(亻齐)有。,slyHz8s
订房购屋,小区旁边出行方便吗？,小区旁边进出方便伐？,sCyuz8x
订房购屋,比如，我要到市中心，有什么车可以坐？,譬如讲，我要到市中心，有啥车子好乘出去伐？,sNybz8F
订房购屋,这里换地铁和轻轨方便吗？,搿搭要调地铁脱轻轨便当伐？,styYz7D
订房购屋,我如果要上高架，哪个路口离这里最近？,我假使要上高架，阿里个路口离搿搭最近？,s1yoz7y
订房购屋,这周围有没有菜市场跟大型超市，买生活用品？,搿搭周围有勿有小菜场跟大型超市，生活用品买？,sSy3z7o
订房购屋,朝南窗口前面还会造高楼，会挡住阳光跟视线吗？,朝南窗口前头还会得造高楼，牢阳光帮视线伐？,skyGz6C
订房购屋,周围环境怎么样？安静吗？晚上会不会吵？,周围环境哪能介？静勿静？夜里相向吵勿吵？,sEyVz6r
订房购屋,小区安全吗？夜里有照明设施吗？,小区安全伐？夜里向有照明设施伐？,sZyUz6K
订房购屋,我想问你们租房子住。,我想问(亻那)租房子蹲蹲。,siyRz5B
订房购屋,房子的光线要好一点，不要在墙角上的房子。,房子个采光条件要好一点，勿要角角头个房子。,s6ybz5I
订房购屋,租的房屋要离我工作地方近一点。,租个房子要离我工作个地方近一眼。,sOyBz5O
订房购屋,我要一室一厅的房子，面积在四十平米左右。,我要一室一厅个房子，面积辣四十额平方左右。,svypz4d
订房购屋,你们那间房子朝向好不好？,(亻那)搿间房子朝向好勿好？,s9ykz4c
订房购屋,煤气不一定要独用，但是卫生要独用。,煤气勿一定要一噶头用，但是卫生要独用额。,sPyBz4o
订房购屋,我最好要高层的三四楼。,我最好要多层个三四楼。,spyOz3i
订房购屋,有没有装修过？,是勿是装修好额？,saywz3V
订房购屋,有没有煤气、热水器、洗衣机和空调？,煤气、热水器、洗衣机、空调有勿有？,s0yoz3a
订房购屋,租金多少？怎么交水费、电费和煤气费？,租金哪能算？水电煤哪能交？,sSyLz3c
订房购屋,我快要搬家了。,我要搬场快了。,spypz23
订房购屋,我买了徐家汇附近的高层。,我买了徐家汇附近个高层。,siyGz2m
订房购屋,你的新家地段真好，现在大家都是看地段和房型的。,侬搬个真是好地段，现在大家是吃地段吃房型个、额。,s7yZz2Q
订房购屋,我住十八楼，卧室和大厅都朝南。,我搬辣十八楼，大房间帮大厅侪朝南。,sPyWz2N
订房购屋,你的房子得房率高不高？面积大不大？,侬个房子得房率高勿高？面积大勿大？,sqyXz1J
订房购屋,三室两厅两卫，建筑面积是一百三十六平米。,三房两厅两卫，建筑面积一百三十六个平方。,sOy2z1g
订房购屋,太棒了！是毛坯房还是精装房？,勿要忒赞噢！是毛确炕故亲靶薹浚,snydz0n
订房购屋,毛坯房，现在正在请人装修。,毛坯房！现在辣辣请人装修。,s6ymz0D
订房购屋,那里的物业管理好不好？管理费贵吗？,埃面搭个物业管理好勿好？管理费贵伐？,sGyVz00
订房购屋,一般，中等。,马马虎虎，侪一般性。,sXydz0x
订房购屋,你购房款都付了吗？,侬房子钞票一次性侪付脱了伐？,sqymzAc
订房购屋,我只付了首付，余额是按揭付的。,我只付了首期房款，其他额侪贷款。,scydzAi
订房购屋,小姐，今晚有没有房间？,小姐，今朝夜里有勿有空房间。,sFyKzAt
订房购屋,有的，先生您几位？,有个，先生侬几位？,sVyJzAC
订房购屋,两位，我们住标准房吧，多少钱一个晚上？,两个，阿拉住标间好了，几钿一夜？,styJzBy
订房购屋,这里是三星级宾馆，三百元一晚。,搿搭是三星级宾馆，三百元一夜。,sKyfzB6
订房购屋,我们要住三晚。,阿拉要住三夜天。,sYyUzBe
订房购屋,给你三楼三零五房间可以吗？,拨侬三楼三零五房间好伐？,ssy4zC8
出行交通,往外滩方向的126车站在哪里乘？,126路公共汽车站头，到外滩去，辣啥地方？,saykzD3
出行交通,这辆车去静安寺吗？,搿部车子到静安寺伐？,sJyHzD9
出行交通,到常熟路站，请叫我一下。,到了常熟路，请侬叫一声我。,sUy6zDe
出行交通,我已经刷过卡了。,我已经刷过卡了。,sjyyzEn
出行交通,我乘过站了，怎么办？,我乘过头了，哪能办？,sayHzEI
出行交通,这辆是区间车，到梅陇新村要乘另一辆。,搿部是区间车，到梅陇新村要乘另一部。,s0ybzEl
出行交通,下一站是哪里？,下头一站是啥地方？,sSyKzEI
出行交通,“美丽园”站到了没有？,“美丽园”到了伐？,sxySzFn
出行交通,还有两站。,再乘两站。,spywzFF
出行交通,对不起，请让我下车。,对勿起，让一让，我下车。,sjyAzFG
出行交通,那么晚了，别坐公交车了！叫出租车吧。,介夜了，还乘啥公交车！叫差头伐。,s7y7zFy
出行交通,别等了，我来叫辆出租车。,勿要等，我来拦一部差头。,sJyuzFY
出行交通,我们要到虹桥路延安西路路口。,阿拉要到虹桥路延安西路。,sVyIzF4
出行交通,要不要上高架？,要勿要上高架走？,sfyQzGP
出行交通,随便怎么走，怎么快就怎么走！,随便哪能走，哪能快就哪能开！,s5ygzGR
出行交通,那么上高架走。,葛末就上高架走。,sJySzGa
出行交通,哎哟，碰上堵车，急人！,喔唷，碰着堵车，急煞人了！,sTyZzGT
出行交通,就在这停车吧。,就搿搭停车好。,spy9zHd
出行交通,刷卡还是现金？,侬是拉卡还是付现金？,sgyFzHU
出行交通,拿好发票，别忘了你的东西。,发票拿好，物事勿要忘记辣车子高头。,s5y8zHP
出行交通,往外滩方向的126车站在哪里乘？,126路公共汽车站头，到外滩去，辣啥地方？,saykzD3
出行交通,这辆车去静安寺吗？,搿部车子到静安寺伐？,sJyHzD9
出行交通,到常熟路站，请叫我一下。,到了常熟路，请侬叫一声我。,sUy6zDe
出行交通,我已经刷过卡了。,我已经刷过卡了。,sjyyzEn
出行交通,我乘过站了，怎么办？,我乘过头了，哪能办？,sayHzEI
出行交通,这辆是区间车，到梅陇新村要乘另一辆。,搿部是区间车，到梅陇新村要乘另一部。,s0ybzEl
出行交通,下一站是哪里？,下头一站是啥地方？,sSyKzEI
出行交通,“美丽园”站到了没有？,“美丽园”到了伐？,sxySzFn
出行交通,还有两站。,再乘两站。,spywzFF
出行交通,对不起，请让我下车。,对勿起，让一让，我下车。,sjyAzFG
出行交通,那么晚了，别坐公交车了！叫出租车吧。,介夜了，还乘啥公交车！叫差头伐。,s7y7zFy
出行交通,别等了，我来叫辆出租车。,勿要等，我来拦一部差头。,sJyuzFY
出行交通,我们要到虹桥路延安西路路口。,阿拉要到虹桥路延安西路。,sVyIzF4
出行交通,要不要上高架？,要勿要上高架走？,sfyQzGP
出行交通,随便怎么走，怎么快就怎么走！,随便哪能走，哪能快就哪能开！,s5ygzGR
出行交通,那么上高架走。,葛末就上高架走。,sJySzGa
出行交通,哎哟，碰上堵车，急人！,喔唷，碰着堵车，急煞人了！,sTyZzGT
出行交通,就在这停车吧。,就搿搭停车好。,spy9zHd
出行交通,刷卡还是现金？,侬是拉卡还是付现金？,sgyFzHU
出行交通,拿好发票，别忘了你的东西。,发票拿好，物事勿要忘记辣车子高头。,s5y8zHP
出行交通,今晚去广州的火车票还有吗？,今朝夜到去广州个火车票还有伐？,sLyKzHl
出行交通,“直快”没有了，“特快”还有。,“直快”车票没了，“特快”还有。,syy3zIj
出行交通,给我订张“特快”车票。,帮我定一张“特快”车票。,sjytzIr
出行交通,你要硬座还是卧铺？,侬要硬座还是卧铺。,sCyhzI9
出行交通,软卧还有吗？,软卧还有伐？,sMynzI9
出行交通,让我看看，对不起，只有硬卧了。,让我看一看，对勿起，只有硬卧票了。,sUyxzIe
出行交通,从上海火车到郑州需几个小时？,从上海火车乘到郑州要几额钟头？,soyZzJn
出行交通,这班火车几点发车？,搿班火车几点钟开？,s9yTzJh
出行交通,坐这列火车，走哪号通道？,乘搿部火车，走几号通道？,sAyrzJQ
出行交通,这是去北京的火车吗？,搿阿是开到北京去个火车？,sLylzJZ
出行交通,这列火车在昆山站停吗？,搿部火车辣昆山站头停车伐？,sVyUzJo
出行交通,买火车票的窗口在哪里？,买火车票个窗口辣海阿里？,sryKzKn
出行交通,我想买张到上海的单程机票。,我想买一张到上海个单程机票。,sgy3zKs
出行交通,3月30号的班机全部满座。,3月30号个班机全部客满。,sGydzKS
出行交通,几件随机行李要称一下。,几件随机行李要称称。,sSylzKm
出行交通,你吸烟吗？,侬吃香烟伐？,syyczLy
出行交通,你吃面还是饭？喝橙汁还是咖啡？,侬吃面条还是吃饭？喝橙汁还是喝咖啡？,ssyGzL1
出行交通,大家的行李都拿齐了吗？,大家个行李侪拿齐了伐？,s9yPzL1
出行交通,还缺一个箱子。,还缺一只箱子。,sBybzLz
出行交通,请问你们几位是美国贸易代表团的吗？,请问亻那几位是美国贸易代表团个伐？,sIyMzLX
邮电银行,小姐，这封信寄到旧金山需要贴多少钱？,小姐，搿封信寄到旧金山，邮票贴多少？,sdyWzMs
邮电银行,把信放在秤上称一下，再告诉你。,信放辣秤高头称一称再告诉侬。,sPyEzMT
邮电银行,我要寄钱给我妈妈，给我一张寄款单可以吗？,我要寄钞票拨姆妈，拿张寄款单拨我好伐？,svyFzNJ
邮电银行,自己可以在桌上拿。,台面浪自家拿。,scypzNh
邮电银行,请问最后一次开信箱在什么时候？,请问辣末一趟开信箱是啥辰光？,s4ymzNH
邮电银行,五点钟，你的信赶快投进去还来得及。,五点钟，信快点下去还来得及。,sKyMzNk
邮电银行,寄挂号信是不是会快一点？,寄挂号信是勿是好快一点？,szyzzO0
邮电银行,寄挂号信保险点，但会比较慢。,挂号信是保险一点，勿会快反而慢。,soyEzO9
邮电银行,如果寄“特快邮件”明天就可以到了。,要末寄“特快邮件”明朝就可以到。,s6yBzOi
邮电银行,不要把寄件人、收件人地址姓名填反了！,寄件人、收件人地址姓名勿要填反脱！,sJyAzON
邮电银行,别忘了写邮政编码！,邮政编码勿要忘记写！,szylzPK
邮电银行,我还要张汇款单，是在你这领钱吗？,我还有张汇款单，辣侬搿搭领钞票是伐？,s7yXzP2
邮电银行,你本人的身份证带来了吗？,侬身份证带来伐？,sJyOzPY
邮电银行,身份证号码我已经填好了，可以领吗？,身份证号我已经填好了，可以领吗？,sTyhzPz
邮电银行,对不起，没有身份证是不能领汇款的。,对勿起，呒没身份证是勿好领汇款个。,soylzQR
邮电银行,先生，我要存钱，操作流程是怎样的？,先生，我要存钞票，哪能存法？,s8yzzQT
邮电银行,你要活期存款，还是定期存款？,侬要存活期存款，还是定期存款？,sGykzQm
邮电银行,我们这有外币人民币定期一本通，也有活期一本通。,阿拉搿搭有外币人民币定期一本通，也有活期一本通。,sVy6zQ2
邮电银行,活期取款的话，你可以随时用硬卡取钱。,活期取款末，侬可以随便啥个辰光用硬卡拉。,sfyczRP
邮电银行,你可以到有“银联”标志的ATM机里取钱。,侬可以到有“银联”标志个ATM机里去拿钞票。,sCyszRn
邮电银行,小姐，这封信寄到旧金山需要贴多少钱？,小姐，搿封信寄到旧金山，邮票贴多少？,sdyWzMs
邮电银行,把信放在秤上称一下，再告诉你。,信放辣秤高头称一称再告诉侬。,sPyEzMT
邮电银行,我要寄钱给我妈妈，给我一张寄款单可以吗？,我要寄钞票拨姆妈，拿张寄款单拨我好伐？,svyFzNJ
邮电银行,自己可以在桌上拿。,台面浪自家拿。,scypzNh
邮电银行,请问最后一次开信箱在什么时候？,请问辣末一趟开信箱是啥辰光？,s4ymzNH
邮电银行,五点钟，你的信赶快投进去还来得及。,五点钟，信快点下去还来得及。,sKyMzNk
邮电银行,寄挂号信是不是会快一点？,寄挂号信是勿是好快一点？,szyzzO0
邮电银行,寄挂号信保险点，但会比较慢。,挂号信是保险一点，勿会快反而慢。,soyEzO9
邮电银行,如果寄“特快邮件”明天就可以到了。,要末寄“特快邮件”明朝就可以到。,s6yBzOi
邮电银行,不要把寄件人、收件人地址姓名填反了！,寄件人、收件人地址姓名勿要填反脱！,sJyAzON
邮电银行,别忘了写邮政编码！,邮政编码勿要忘记写！,szylzPK
邮电银行,我还要张汇款单，是在你这领钱吗？,我还有张汇款单，辣侬搿搭领钞票是伐？,s7yXzP2
邮电银行,你本人的身份证带来了吗？,侬身份证带来伐？,sJyOzPY
邮电银行,身份证号码我已经填好了，可以领吗？,身份证号我已经填好了，可以领吗？,sTyhzPz
邮电银行,对不起，没有身份证是不能领汇款的。,对勿起，呒没身份证是勿好领汇款个。,soylzQR
邮电银行,先生，我要存钱，操作流程是怎样的？,先生，我要存钞票，哪能存法？,s8yzzQT
邮电银行,你要活期存款，还是定期存款？,侬要存活期存款，还是定期存款？,sGykzQm
邮电银行,我们这有外币人民币定期一本通，也有活期一本通。,阿拉搿搭有外币人民币定期一本通，也有活期一本通。,sVy6zQ2
邮电银行,活期取款的话，你可以随时用硬卡取钱。,活期取款末，侬可以随便啥个辰光用硬卡拉。,sfyczRP
邮电银行,你可以到有“银联”标志的ATM机里取钱。,侬可以到有“银联”标志个ATM机里去拿钞票。,sCyszRn
邮电银行,给你这张卡，我们银行有二十四小时自动服务。,搿张卡拨侬，阿拉银行有廿四小时自动服务个。,sVyxzRI
邮电银行,那硬卡怎么用呢？,葛末硬卡哪能用法呢？,s2ySzS8
邮电银行,插进去，看它的说明操作就可以了。,插进去，看伊说明操作打就是了。,sHyZzSV
邮电银行,请问，这里可以用美元换人民币吗？,请问，我要拿美元调人民币，搿搭好调拨我伐？,sVy5zSc
邮电银行,现在日元和人民币的兑换率是多少？,现在日币告人民币个兑换率是多少？,slyDzTc
邮电银行,请你把这张旅行支票换成现金。,请侬拿搿张旅行支票调成现钞。,s6yYzT8
邮电银行,请你在这里签字。,请侬搿搭签个字。,sIyZzTi
邮电银行,一共是七千五百四十二元，你数一数。,一共是七千五百四十二块，侬点一点。,sRy6zTD
邮电银行,请帮我换点零钱可以吗？,请侬帮我换一点零碎钞票好伐？,spyazUq
邮电银行,我要打个电话给我女儿。,我要打只电话拨我囡儿。,sbyLzU2
邮电银行,这是自动投币电话，需要一元硬币打的。,搿是自动投币电话，用一块硬币来打额。,sAyCzUS
邮电银行,是长风饭店吗？请转328分机。,长风饭店是伐？请转328分机。,sry0zVk
邮电银行,老王，有你电话。,老王，有电话寻你。,say9zVG
邮电银行,请问你是鹿鸣书店的老板吗？,请问侬阿是鹿鸣书店额老板？,sByhzVy
邮电银行,你声音大一点，我听不清楚！,侬声音大一点，我听勿出！,sOyrzVx
邮电银行,对不起，没人接电话。可能他出去了。,对勿起，没人接电话。大概伊出去了伐。,szy2zWu
邮电银行,请你转达李民先生，说我十点钟打过电话给他。,请侬告诉李民先生，讲我十点钟打过一只电话拨伊。,sgykzWr
邮电银行,明天中午叫他们打个电话给我。,明朝中浪向叫伊打拨我只电话。,sFy2zWD
邮电银行,稍等，他马上来接电话。,稍微等一歇，伊马上来接电话。,sSyczWE
邮电银行,喂，张小静在家吗？麻烦你叫她听电话。,喂，张小静辣辣屋里伐？麻烦侬叫伊听听电话。,ssybzX5
娱乐休闲,除了专业外，你还有什么别的爱好？,侬除脱仔专业之外，还有啥特别额爱好伐？,ssxMzXy
娱乐休闲,休息天，你除了看电视外，还喜欢去什么地方转转？,休息日脚侬看电视以外，还欢喜啥地方去转转？,saxizXU
娱乐休闲,拍照，是我的一项业余爱好。,拍照，只勿过是我一项业余爱好。,sKxBzXK
娱乐休闲,要搞到这套钱币很难，你用了多久搜集齐的？,搿套钱币要弄到邪气难个，侬用了多少长个辰光弄到啊？,sXx8zXL
娱乐休闲,我觉得集邮是一种有益的休闲。,我觉得集邮是一种有益额休闲。,sfxPzYG
娱乐休闲,我不喜欢出去玩，常常在家泡壶咖啡。,我勿欢喜跑出去白相，常庄辣屋里相泡壶咖啡。,sExQzYC
娱乐休闲,他好像对音乐剧什么的很感兴趣，而且还非常内行。,伊好像对音乐剧K啥老感兴趣额，而且还邪气懂经。,sYx9zYA
娱乐休闲,我还常常看上海滑稽，或者全家围着电视机。,我还常庄看上海滑稽，或者一家门围牢仔电视机。,sfxJzZu
娱乐休闲,打麻将我偶尔玩一下，因为一入迷的话时间都耗掉。,搓麻将我难板来来，因为一上年头起来辰光侪搭脱。,sExuzZ0
娱乐休闲,我一上机就没个完，打游戏，看动漫。,我一操机就没底额，游戏打打，动画片看看。,szwBzz1
娱乐休闲,你怎么一有空就上网，冲浪灌水挂QQ，一个晚上就给它了？,侬哪能一有空就上网，冲浪灌水打QQ，一个夜头侪伐停额？,s3wjzze
娱乐休闲,你有你的爱好，我有我的兴趣，不管你什么事！,侬有侬额爱好，我有我额兴趣，关侬啥事体！,sXwlzzI
娱乐休闲,我有两张洗澡票，今天和我一起去洗澡吗？,我有两张浴票子辣海，今朝告我一道去浴去伐？,siwkzyE
娱乐休闲,洗什么澡？桑拿浴我怕闷死，要不就泡大池。,啥额浴？桑拿我是怕闷煞脱额，要末就大汤泡。,sEwDzy0
娱乐休闲,你这个人真是傻乎乎的，洗洗澡，松松劲，有益血脉调和。,侬搿个人真是戆噱噱，浴，松松筋骨，有益血脉流通。,sZwXzya
娱乐休闲,不过现在家家人都有浴缸，洗个澡不是挺方便的吗？,不过现在家家屋里侪有得浴缸，浴勿是蛮便当额？,sbwEzxm
娱乐休闲,不一样的，在浴池里洗澡，身体泡得彻底！,两样额，浴池里浴末，人泡得来煞根!,sKwJzxl
娱乐休闲,朋友之间，大家谈谈心，非常爽。,朋友淘里，大家谈谈心，老爽额。,swwSzwl
娱乐休闲,你看人家，做按摩，足浴，瘦身，赶时尚。,侬看人家，做按摩K，足浴K，瘦身K，赶时尚。,sgwtzw1
娱乐休闲,你真是傻瓜一个，这么笨！,侬搿额人真是阿木林一只，介拎勿清！,sGwHzwX
娱乐休闲,除了专业外，你还有什么别的爱好？,侬除脱仔专业之外，还有啥特别额爱好伐？,ssxMzXy
娱乐休闲,休息天，你除了看电视外，还喜欢去什么地方转转？,休息日脚侬看电视以外，还欢喜啥地方去转转？,saxizXU
娱乐休闲,拍照，是我的一项业余爱好。,拍照，只勿过是我一项业余爱好。,sKxBzXK
娱乐休闲,要搞到这套钱币很难，你用了多久搜集齐的？,搿套钱币要弄到邪气难个，侬用了多少长个辰光弄到啊？,sXx8zXL
娱乐休闲,我觉得集邮是一种有益的休闲。,我觉得集邮是一种有益额休闲。,sfxPzYG
娱乐休闲,我不喜欢出去玩，常常在家泡壶咖啡。,我勿欢喜跑出去白相，常庄辣屋里相泡壶咖啡。,sExQzYC
娱乐休闲,他好像对音乐剧什么的很感兴趣，而且还非常内行。,伊好像对音乐剧K啥老感兴趣额，而且还邪气懂经。,sYx9zYA
娱乐休闲,我还常常看上海滑稽，或者全家围着电视机。,我还常庄看上海滑稽，或者一家门围牢仔电视机。,sfxJzZu
娱乐休闲,打麻将我偶尔玩一下，因为一入迷的话时间都耗掉。,搓麻将我难板来来，因为一上年头起来辰光侪搭脱。,sExuzZ0
娱乐休闲,我一上机就没个完，打游戏，看动漫。,我一操机就没底额，游戏打打，动画片看看。,szwBzz1
娱乐休闲,你怎么一有空就上网，冲浪灌水挂QQ，一个晚上就给它了？,侬哪能一有空就上网，冲浪灌水打QQ，一个夜头侪伐停额？,s3wjzze
娱乐休闲,你有你的爱好，我有我的兴趣，不管你什么事！,侬有侬额爱好，我有我额兴趣，关侬啥事体！,sXwlzzI
娱乐休闲,我有两张洗澡票，今天和我一起去洗澡吗？,我有两张浴票子辣海，今朝告我一道去浴去伐？,siwkzyE
娱乐休闲,洗什么澡？桑拿浴我怕闷死，要不就泡大池。,啥额浴？桑拿我是怕闷煞脱额，要末就大汤泡。,sEwDzy0
娱乐休闲,你这个人真是傻乎乎的，洗洗澡，松松劲，有益血脉调和。,侬搿个人真是戆噱噱，浴，松松筋骨，有益血脉流通。,sZwXzya
娱乐休闲,不过现在家家人都有浴缸，洗个澡不是挺方便的吗？,不过现在家家屋里侪有得浴缸，浴勿是蛮便当额？,sbwEzxm
娱乐休闲,不一样的，在浴池里洗澡，身体泡得彻底！,两样额，浴池里浴末，人泡得来煞根!,sKwJzxl
娱乐休闲,朋友之间，大家谈谈心，非常爽。,朋友淘里，大家谈谈心，老爽额。,swwSzwl
娱乐休闲,你看人家，做按摩，足浴，瘦身，赶时尚。,侬看人家，做按摩K，足浴K，瘦身K，赶时尚。,sgwtzw1
娱乐休闲,你真是傻瓜一个，这么笨！,侬搿额人真是阿木林一只，介拎勿清！,sGwHzwX
观光旅游,如果有时间有钱，我要到欧洲去旅游。,如果辰光有钞票够，我要到欧洲去旅游。,sbwFzrE
观光旅游,我这趟旅程一共需要十二天。,亨八冷打我搿趟旅程需要十二天。,sFwYzrw
观光旅游,祝你一路上玩得愉快。,祝侬一路浪向白相开心。,sVw3zrB
观光旅游,明天要动身，但是我到现在箱子还没有整理好。,明朝要动身，但是我到现在箱子还没整理好。,stwJzq5
观光旅游,还有件事就是马上到银行里去取些钱。,一桩事体是马上到银行里去拿眼钞票。,s9wgzq7
观光旅游,喔，我才想起来，身份证不要忘了带。,喔，我刚刚想起来，身份证勿要忘记脱带。,sGwXzqa
观光旅游,要不是你提醒我，无论如何也想不起来。,要勿是侬提醒我，随便哪能也想勿起来。,sYwGzqM
观光旅游,我不想坐汽车去，宁可走过去。,我勿想乘汽车去，情愿走得去。,skwLzpH
观光旅游,你安全到达目的地以后，别忘记打个电话告诉我。,侬安全到达目的地以后，勿要忘记脱打只电话告诉我。,sFwfzpZ
观光旅游,我肯定忘了带雨伞，但现在已经太迟了。,我肯定忘记了带洋伞，但现在已经忒晏了。,szwSzoh
观光旅游,昨天天气太好了，所以我们决定自己开车出去玩。,昨天天气忒好了，所以阿拉决定自家开车出去白相。,siw3zok
观光旅游,火车马上就要开，我们勉强可以赶到。,火车马上就要开，阿拉勉强可以赶到。,sDwizox
观光旅游,上海值得去玩的地方实在太多。,上海值得去白相个地方实在忒多。,sUwrzo6
观光旅游,不过也有些地方不值得去。,不过也有点地方没啥去头。,srwiznc
观光旅游,黄浦江两岸最好看，可以坐在船里游览。,黄浦江两岸最好看，可以坐辣船里游览。,sgwVznl
观光旅游,你看，浦东有那么多高层建筑，还有东方明珠。,侬看，浦东有介许多高层建筑，还有东方明珠。,sEwqznE
观光旅游,我还是对豫园、城隍庙、上海老街更加有兴趣。,我还是对豫园、城隍庙、上海老街更加有兴趣。,sZwUzn8
观光旅游,在延安路高架上看两面的上海风光，盖了帽了！,辣延安路高架高头看两面额上海风光，瞎嗲！,sfw0zmP
观光旅游,一圈转回来，还可以看看外滩近代建筑夜景。,一圈兜回来，还好看看外滩近代建筑夜景。,sOwbzmy
观光旅游,苏州河是上海的母亲河，弯弯曲曲横跨流过市中心。,苏州河是上海母亲河，弯弯曲曲横跨流过市中心。,sqwHzlR
观光旅游,如果有时间有钱，我要到欧洲去旅游。,如果辰光有钞票够，我要到欧洲去旅游。,sbwFzrE
观光旅游,我这趟旅程一共需要十二天。,亨八冷打我搿趟旅程需要十二天。,sFwYzrw
观光旅游,祝你一路上玩得愉快。,祝侬一路浪向白相开心。,sVw3zrB
观光旅游,明天要动身，但是我到现在箱子还没有整理好。,明朝要动身，但是我到现在箱子还没整理好。,stwJzq5
观光旅游,还有件事就是马上到银行里去取些钱。,一桩事体是马上到银行里去拿眼钞票。,s9wgzq7
观光旅游,喔，我才想起来，身份证不要忘了带。,喔，我刚刚想起来，身份证勿要忘记脱带。,sGwXzqa
观光旅游,要不是你提醒我，无论如何也想不起来。,要勿是侬提醒我，随便哪能也想勿起来。,sYwGzqM
观光旅游,我不想坐汽车去，宁可走过去。,我勿想乘汽车去，情愿走得去。,skwLzpH
观光旅游,你安全到达目的地以后，别忘记打个电话告诉我。,侬安全到达目的地以后，勿要忘记脱打只电话告诉我。,sFwfzpZ
观光旅游,我肯定忘了带雨伞，但现在已经太迟了。,我肯定忘记了带洋伞，但现在已经忒晏了。,szwSzoh
观光旅游,昨天天气太好了，所以我们决定自己开车出去玩。,昨天天气忒好了，所以阿拉决定自家开车出去白相。,siw3zok
观光旅游,火车马上就要开，我们勉强可以赶到。,火车马上就要开，阿拉勉强可以赶到。,sDwizox
观光旅游,上海值得去玩的地方实在太多。,上海值得去白相个地方实在忒多。,sUwrzo6
观光旅游,不过也有些地方不值得去。,不过也有点地方没啥去头。,srwiznc
观光旅游,黄浦江两岸最好看，可以坐在船里游览。,黄浦江两岸最好看，可以坐辣船里游览。,sgwVznl
观光旅游,你看，浦东有那么多高层建筑，还有东方明珠。,侬看，浦东有介许多高层建筑，还有东方明珠。,sEwqznE
观光旅游,我还是对豫园、城隍庙、上海老街更加有兴趣。,我还是对豫园、城隍庙、上海老街更加有兴趣。,sZwUzn8
观光旅游,在延安路高架上看两面的上海风光，盖了帽了！,辣延安路高架高头看两面额上海风光，瞎嗲！,sfw0zmP
观光旅游,一圈转回来，还可以看看外滩近代建筑夜景。,一圈兜回来，还好看看外滩近代建筑夜景。,sOwbzmy
观光旅游,苏州河是上海的母亲河，弯弯曲曲横跨流过市中心。,苏州河是上海母亲河，弯弯曲曲横跨流过市中心。,sqwHzlR
习俗文化,上海人结婚，有的人家办酒宴场面很大。,上海人结婚，有个人家酒水场面办得老大。,sYwnzgp
习俗文化,发给好朋友的请帖上有新郎新娘的合影。,发拨好朋友个请帖浪有新郎新娘合影额照片。,sfwwzfH
习俗文化,新郎那边有伴郎，新娘那边有伴娘。,新郎一面有伴郎，新娘一面有伴娘。,sxwfze5
习俗文化,结婚仪式开始，双方父母要讲话，祝贺他俩。,结婚仪式开始，双方爷娘要讲言话，祝贺伊拉。,sfwwzeR
习俗文化,证婚人致贺词，双方互赠结婚戒指。,证婚人致贺词，双方互赠结婚戒指。,sFwBzep
习俗文化,亲婚房里，有放红枣花生桂圆和瓜子的，讨个吉利。,新婚房里，有放红枣花生桂圆脱仔瓜子个，讨个彩头。,sXwfze2
习俗文化,除了亲戚，还请来了同事、同学。,除脱亲眷，还请来了上司、同事、大学中学小学同学。,sbwXzdd
习俗文化,闹起新房来，可想而知热闹得不得了。,闹起新房来，可想而知要闹猛得一塌糊涂了！,sMwZzdJ
习俗文化,现在的老师，非常迷信考试，据说明天又要考试了。,现在老师对伐，邪气迷信考试，明朝又要考试了。,stw0zcH
习俗文化,教师和父母都是考试迷，一个劲的出试题监考。,老师告爷娘侪是考试迷，一门心思出考题监考。,s6w3zcE
习俗文化,接连不断地买参考书，兴师动众地请家教，搞得孩子苦死了。,三番四次买参考书，兴师动众请家教，弄得小囡苦得来一天世界。,sQw6zcB
习俗文化,因为现在上海家家都是独生子女，家长对小孩的读书非常重视。,现在上海家家侪是独生子女K，家长对小囡个读书相当关注。,shw2zbb
习俗文化,子女培养全社会都很关心，教育要进行改革。,子女培养全社会侪邪气关心，教育要进行改革。,sUwvzbn
习俗文化,21世纪社会，不懂电脑不懂外语往往会寸步难行。,21世纪社会，勿懂电脑勿懂外语往往会步步难。,skwVzaJ
习俗文化,所以只看见学生在嘀里嘟噜读外语，滴底答答打电脑。,所以只看见学生辣辣嘀里嘟噜读外语，滴粒笃落打电脑。,sFwczaJ
习俗文化,不过，外语、电脑对多数人来讲，毕竟还只是新事物。,不过，外语、电脑对多数人来讲，到底还是一个新额食物。,sxwZz9r
习俗文化,要搞出点名堂来，对社会有用，专业还是要很过硬。,要搞出点名堂来，对社会有用，专业还是要硬碰硬额。,s8wFz9W
习俗文化,要成功，还要有各种素质，像创造力啊。,要成功，还要有各种素质，像创造力啊。,sOwaz9a
习俗文化,苏州河的旧名是“松江”，又称“吴淞江”。,苏州河个老名字叫“松江”又称“吴淞江”。,suwVz8h
习俗文化,江边有条支河，叫“上海浦”，就是现在黄浦江。,江边有条支河，叫“上海浦”，就是现在额黄浦江。,sawiz8M
习俗文化,上海人结婚，有的人家办酒宴场面很大。,上海人结婚，有个人家酒水场面办得老大。,sYwnzgp
习俗文化,发给好朋友的请帖上有新郎新娘的合影。,发拨好朋友个请帖浪有新郎新娘合影额照片。,sfwwzfH
习俗文化,新郎那边有伴郎，新娘那边有伴娘。,新郎一面有伴郎，新娘一面有伴娘。,sxwfze5
习俗文化,结婚仪式开始，双方父母要讲话，祝贺他俩。,结婚仪式开始，双方爷娘要讲言话，祝贺伊拉。,sfwwzeR
习俗文化,证婚人致贺词，双方互赠结婚戒指。,证婚人致贺词，双方互赠结婚戒指。,sFwBzep
习俗文化,亲婚房里，有放红枣花生桂圆和瓜子的，讨个吉利。,新婚房里，有放红枣花生桂圆脱仔瓜子个，讨个彩头。,sXwfze2
习俗文化,除了亲戚，还请来了同事、同学。,除脱亲眷，还请来了上司、同事、大学中学小学同学。,sbwXzdd
习俗文化,闹起新房来，可想而知热闹得不得了。,闹起新房来，可想而知要闹猛得一塌糊涂了！,sMwZzdJ
习俗文化,现在的老师，非常迷信考试，据说明天又要考试了。,现在老师对伐，邪气迷信考试，明朝又要考试了。,stw0zcH
习俗文化,教师和父母都是考试迷，一个劲的出试题监考。,老师告爷娘侪是考试迷，一门心思出考题监考。,s6w3zcE
习俗文化,接连不断地买参考书，兴师动众地请家教，搞得孩子苦死了。,三番四次买参考书，兴师动众请家教，弄得小囡苦得来一天世界。,sQw6zcB
习俗文化,因为现在上海家家都是独生子女，家长对小孩的读书非常重视。,现在上海家家侪是独生子女K，家长对小囡个读书相当关注。,shw2zbb
习俗文化,子女培养全社会都很关心，教育要进行改革。,子女培养全社会侪邪气关心，教育要进行改革。,sUwvzbn
习俗文化,21世纪社会，不懂电脑不懂外语往往会寸步难行。,21世纪社会，勿懂电脑勿懂外语往往会步步难。,skwVzaJ
习俗文化,所以只看见学生在嘀里嘟噜读外语，滴底答答打电脑。,所以只看见学生辣辣嘀里嘟噜读外语，滴粒笃落打电脑。,sFwczaJ
习俗文化,不过，外语、电脑对多数人来讲，毕竟还只是新事物。,不过，外语、电脑对多数人来讲，到底还是一个新额食物。,sxwZz9r
习俗文化,要搞出点名堂来，对社会有用，专业还是要很过硬。,要搞出点名堂来，对社会有用，专业还是要硬碰硬额。,s8wFz9W
习俗文化,要成功，还要有各种素质，像创造力啊。,要成功，还要有各种素质，像创造力啊。,sOwaz9a
习俗文化,苏州河的旧名是“松江”，又称“吴淞江”。,苏州河个老名字叫“松江”又称“吴淞江”。,suwVz8h
习俗文化,江边有条支河，叫“上海浦”，就是现在黄浦江。,江边有条支河，叫“上海浦”，就是现在额黄浦江。,sawiz8M
习俗文化,七百多年前元朝的时候，建置了上海县。,到七百多年前元朝辰光，建置了上海县。,sMwlz8J
习俗文化,从松江、青浦一带的出土文物看到。,从松江、青浦一带额出土文物当中看到。,suwpz7k
习俗文化,但是现在城区大多数地方，在唐朝以前还是海滩。,但是现在城区大多数地方，辣唐朝以前还是海滩。,s4wBz77
习俗文化,上海那么繁荣，主要是一百六十年剪开埠以后发生的变化。,上海介繁荣，主要是一百六十年前开埠以后发生额变化。,sRw7z7Z
习俗文化,上海开埠以后，中西融合，兼收并蓄，形成了宽容的文化氛围。,上海开埠以后，中西融合，兼收并蓄，形成了宽带额文化氛围。,sjwqz6N
习俗文化,当时，国画、京戏、通俗小说、流行歌曲，都是非常流行。,当时，国画、京戏、通俗小说、流行歌曲，侪是相当流行额。,sJwQz6H
习俗文化,都市文化海纳百川，建筑、出版、娱乐、弄堂生活。,都市文化海纳百川，建筑、出版、娱乐、弄堂生活。,spwBz5A
习俗文化,当今，海派文化正在注入新的活力发扬光大。,当今，海派文化正辣注入新额活力发扬光大。,sBwqz5z
习俗文化,大上海，方言的气派也大，表现了中西交汇。,大上海，方言个气派也大，表现了中西交汇。,sWwTz5N
习俗文化,有种人，叫他“老克拉”，是从“colour”衍变过来的。,有种人，叫伊“老克拉”，是从“colour”脱变过来额。,sgwaz4M
习俗文化,对于身无分文的人，叫他“瘪的生丝”。,对于身无分文额人，叫伊“瘪的生丝”。,sFwpz40
习俗文化,“牵头皮”、“收骨头”、“戳壁脚”。,“牵头皮”、“收骨头”、“戳壁脚”。,sbwYz3i
习俗文化,“门槛精到九十六”、“额角头碰着天花板”、“霉头触到哈尔滨”。,“门槛精到九十门”、“额角头碰着天花板”、“霉头触到哈尔滨”。,sCwyz3M
习俗文化,上海人讲上海话；上海人也会讲普通话。,上海人讲上海话；上海人也侪会讲普通话。,sywHz2j
习俗文化,说话要有礼貌，不讲下流话。,开口要有礼貌，勿讲下作言话。,sfwuz2u
习俗文化,公共场合不吸烟。,公共场合勿吃香烟。,s1wSz28
习俗文化,绿灯时，拐弯车辆要让人。,绿灯辰光，转弯车子要让人。,sJwmz2a
习俗文化,在公车上要安静。,公车高头要静了再静。,sYwlz2k
习俗文化,让标准路标和规范文字说话。,让标准路标跟规范文字讲话。,spwaz1O
习俗文化,车厢里只报站名，不要罗嗦。,车厢里向只报站名，勿要铡,saw9z1E
