很高兴认识你,[中] 小黄，这是谁呀？,小黄，个是萨宁啊？,sMv3z9B
很高兴认识你,[中] 这是我的朋友。,个是吾朋友。,suv5z6A
很高兴认识你,[中] 很高兴认识你。,认得侬老开心额。,snv4z4x
很高兴认识你,[中] 你贵姓？,侬贵姓？,sbvJz2v
很高兴认识你,[中] 我姓刘，我叫刘玉。,吾姓刘，叫刘玉,shvlzAG
很高兴认识你,[中] 你叫什么名字？,侬叫撒名字啊？,s0vrzCC
很高兴认识你,[中] 我叫张帆。,我叫张帆。,sjvyzFq
很高兴认识你,[中] 向你介绍我的朋友李明。,帮侬介绍吾额朋友，李明。,s8vczHk
很高兴认识你,[中] 还是我自己介绍吧。,还是吾自己来介绍伐！,sLvYzJf
很高兴认识你,[中] 我来自上海。,吾是上海额。,sDvRzLJ
很高兴认识你,[中] 现在在上海师范大学当老师。,现在了海上海师范大学当老师。,s7vOzM9
很高兴认识你,[中] 你从哪来？,侬啊里得额啊？,slvJzOw
很高兴认识你,[中] 你是从广州来的吗？,侬是从广州来额伐？,sfvZzPN
很高兴认识你,[中] 不是，我来自成都。,伐是，吾是成都额。,sLvwzQ7
很高兴认识你,[中] 你现在做什么呢？,侬现在做萨额？,s0v6zSG
很高兴认识你,[中] 我在上海上大学。,我了了上海上大学。,sEvKzUh
很高兴认识你,[中] 学习难吗？,学习难伐？,s8vDzWC
很高兴认识你,[中] 不难，我学习很好。,伐难，吾学习老好额。,slvgzY7
很高兴认识你,[中] 祝你在学习中取得更好的成绩。,祝侬学习取得更好额成绩。,spuZzz6
很高兴认识你,[中] 很高兴和你谈话。,帮侬刚闲话老开心额。,seubzyb
上门拜访,[中] 请问，李立在吗？,请问，李立了了伐？,sGu1zxG
上门拜访,[中] 不在，他还没回来。,伐了海，伊还么回来。,ssuBzvy
上门拜访,[中] 你知道他什么时候回来吗？,侬晓得伊萨辰光回来伐？,sfuvzuz
上门拜访,[中] 你是小明吧？,侬是小明对伐？,s8unztF
上门拜访,[中] 是的，我就是。你是……,是额，吾是额，侬是？,sGuPzsH
上门拜访,[中] 我是他的同学刘刚。,吾是伊额同学刘刚。,squBzqU
上门拜访,[中] 久仰，久仰。,久仰久仰。,sYukzpt
上门拜访,[中] 李立经常谈起你。,李立经常刚到侬额。,s0uPzni
上门拜访,[中] 我来做个自我介绍。,吾来做则自我介绍。,sMujzlN
上门拜访,[中] 我跟李立是同班同学。,吾特李立是同班同学。,sDuvzjN
上门拜访,[中] 我们是好朋友。我今年二十六岁。,阿拉是好朋友，吾今年26岁。,sbumzhI
上门拜访,[中] 我出生于1984年6月15日。,我是1984年6月15号生额。,s0udzfd
上门拜访,[中] 你是来工作的吗？,弄是来工作额伐？,sXu2z5z
上门拜访,[中] 不是， 是来度假的。,伐是额，是来度假额。,sCuwz3l
上门拜访,[中] 你现在要去哪？,侬现在到啊里得去啊？,sguhz1z
上门拜访,[中] 我想去找李立。,吾想去寻李立。,s6u1zAH
上门拜访,[中] 我想跟他一起去世纪公园。,吾想帮伊一道去世纪公园。,smuEzBp
上门拜访,[中] 好啊，明天我们一起去。,好额呀，明朝阿拉一道去。,sYuqzCp
上门拜访,[中] 我们在什么地方集合？,阿拉了了萨地方集合啊？,sYuuzE9
上门拜访,[中] 明天上午10点钟，在食堂门口。,明朝早浪相10点钟， 了了食堂门口头。,sPuLzGd
上门拜访,[中] 请告诉他好吗？,侬帮伊刚一声，好伐？,sCuFzIn
上门拜访,[中] 好的，我一定转告。,好额，我一定帮伊刚。,s9utzKl
拜访及请求,[中] 请问，宋明在吗？,请问，宋明了了伐？,smutzMh
拜访及请求,[中] 他不在，他出去了。,伊伐了了，伊出去了。,sIuHzNn
拜访及请求,[中] 他去什么地方了？,伊去阿里的了？,scuRzPT
拜访及请求,[中] 可能在体育馆。,可能了了体育馆。,sSupzQ7
拜访及请求,[中] 我们去体育馆看看。,阿拉去体育馆看叫。,sSu2zSG
拜访及请求,[中] 你有什么爱好吗？,侬有萨爱好伐？,seugzUR
拜访及请求,[中] 我爱好看书。,吾欢喜看书。,sSuZzVc
拜访及请求,[中] 找她干什么？,寻伊组撒？,sVuYzXa
拜访及请求,[中] 请她帮我补习英语。,请伊帮吾补习英文。,sRu0zZy
拜访及请求,[中] 你觉得怎么样？,侬觉则哪能？,svtfzxK
拜访及请求,[中] 好吧，就这么定了。,好额，就得能定好了。,smtazvh
拜访及请求,[中] 还有别的事吗？,还有别额事体伐？,sktQztC
拜访及请求,[中] 我可以吸烟吗？,吾好切香烟伐？,sitDzr5
拜访及请求,[中] 不行，绝对不行。,伐来三，绝对伐可以。,sdtUzpv
拜访及请求,[中] 我想打个电话，行吗？,吾想打只电话，来三伐？,settzn6
拜访及请求,[中] 没问题，请打吧。,么问题，侬打好了。,sItuzlT
拜访及请求,[中] 这部手机不错，可以看看吗？,个只手机蛮好额，好看看较伐？,sQthzj4
拜访及请求,[中] 当然可以，你看吧。,当然可以，侬看好了。,sMtRzhN
我可以约你吗？,[中] 你今天下午有时间吗？,侬今朝下半天有辰光伐？,sIzQzaF
我可以约你吗？,[中] 我想请你去参观科技馆。,吾想请侬去参观科技馆。,sxzxz7r
我可以约你吗？,[中] 对不起，今天下午没有时间。,伐好意思，吾今朝下半天么辰光。,sRzDz6W
我可以约你吗？,[中] 你明天有空吗？,侬明朝有空伐？,sDz8z4S
我可以约你吗？,[中] 这个周末有空吗？,格周末有空伐？,s4zez2i
我可以约你吗？,[中] 我想到家中拜访你。,吾想到侬窝里看侬。,sgz9z0L
我可以约你吗？,[中] 恐怕不行。,大概伐来赛。,slzqzB6
我可以约你吗？,[中] 别的时间行吗？,别额辰光来赛伐？,sPzuzCj
我可以约你吗？,[中] 今晚我有空。,今朝夜里吾有空。,s2zozEZ
我可以约你吗？,[中] 好吧，今晚我们一起去看电影。,好额，今朝夜到阿拉一道去看电影。,sizmzID
我可以约你吗？,[中] 去时叫上黄丽。,去额晨光叫黄丽一道。,sAzWzKP
我可以约你吗？,[中] 我们在哪见面？,阿拉了海阿里的碰头？,sYzUzMU
我可以约你吗？,[中] 你什么时候方便？,侬萨辰光方便？,sZz5zPq
我可以约你吗？,[中] 下午5点钟怎么样？,下半天5点钟哪能？,sgzmzSf
我可以约你吗？,[中] 电影院 ，不见不散。,电影院，伐见伐散。,spz9zVP
我可以约你吗？,[中] 黄丽，我想到你家来看看。,黄丽，吾想到侬窝里看看叫。,s2zhzYx
我可以约你吗？,[中] 请带上你的先生到我这来玩吧。,请带侬先生一道来白相好了。,sJyOzyO
我可以约你吗？,[中] 我们全家欢迎你。,阿拉窝里相额宁才欢迎侬。,s2yzzvT
邀请参加生日聚会,[中] 明天是我的生日。,明朝是吾额生日。,sCyGzsY
邀请参加生日聚会,[中] 我想请你参加我的生日聚会。,吾想请侬参加吾额生日聚会。,s5ykzpl
邀请参加生日聚会,[中] 你能来吗？,侬来好伐？,s0yvznf
邀请参加生日聚会,[中] 我非常高兴接受你的邀请。,吾非常高兴接受侬额邀请。,swyFzkD
我要走了，来向你道别,[中] 我要走了，我来向你道别。,吾要走了，吾是来帮弄再会额。,s0x6zIy
我要走了，来向你道别,[中] 我在这里过得非常开心。,吾了格的过了交关开心。,sixszLi
我要走了，来向你道别,[中] 这几天来给你添了很多麻烦。,格几天麻烦侬了。,sJxQzO4
我要走了，来向你道别,[中] 你不能多住几天吗？,侬好多住几天伐啦？,sFxhzRU
我要走了，来向你道别,[中] 我得回去了。,吾要回去了。,sixXzUv
我要走了，来向你道别,[中] 我该走了。,吾该跑了。,szxczXv
我要走了，来向你道别,[中] 我必须告辞了。,吾必须先走了。,sewjzzW
我要走了，来向你道别,[中] 你什么时候走？,侬萨辰光走？,sWwHzw6
我要走了，来向你道别,[中] 明天下午两点半的飞机。,明朝下半天两点半额飞机。,s8wIzsk
我要走了，来向你道别,[中] 我到机场给你送别。,吾到机场去送侬。,s4wzzpy
我要走了，来向你道别,[中] 谢谢你来送我。,谢谢侬来送吾。,sFwyzmJ
我要走了，来向你道别,[中] 再见，祝你一路平安。,再会，祝侬一路平安。,sGw8zi8
我要走了，来向你道别,[中] 别忘了给我打电话。这么快就走，太遗憾了。,伐要忘记特帮吾打电话，嘎快就走了，老遗憾额。,sCwLzfK
我要走了，来向你道别,[中] 你什么时候再来？,侬萨晨光再来？,sJwhzbi
我要走了，来向你道别,[中] 我还不知道。,吾啊伐晓得。,sdw7z7E
我要走了，来向你道别,[中] 记得常来看我。,记得经常来看看吾。,smwfz39
我要走了，来向你道别,[中] 我会想你的。,吾会的想侬额。,sRwPz1m
我要走了，来向你道别,[中] 我一定会再来的。,吾一定会的再来额。,sWwfzAB
我要走了，来向你道别,[中] 彼此多联系。,大家多联系。,sYwkzBG
我要走了，来向你道别,[中] 天晚了，我要回家了。,天晚了，吾要回去了。,sVwVzCR
我要走了，来向你道别,[中] 有空常来看看。,有空经常来看看。,sVwezDV
我要走了，来向你道别,[中] 再见，我一定会再来的。,再会，吾一定会的再来额。,sPw1zEb
我要走了，来向你道别,[中] 检查一下，东西都带齐了吗？,检查检查，么子才带齐了伐。,sNwFzF2
我要走了，来向你道别,[中] 我都检查过了。,吾才检查过了。,srwhzHs
我要走了，来向你道别,[中] 请把这个芭比娃娃带给你的孩子。,帮吾拿格则芭比娃娃带把侬额小宁。,sbwFzIM
我要走了，来向你道别,[中] 希望她喜欢这些礼物。,希望伊欢喜格扎礼物。,sSwmzJF
我要走了，来向你道别,[中] 一路注意安全。,一路注意安全。,syw9zLb
我要走了，来向你道别,[中] 祝你旅途愉快。,祝侬旅途愉快。,swwMzM8
我要走了，来向你道别,[中] 后会有期。,后会有期。,sywkzNp
我要走了，来向你道别,[中] 欢迎你再来，再见。,欢迎侬再来，再会。,sSwvzNE
再不起床要迟到了,[中] 该起床了。,好爬起来了。,sUwtzO4
再不起床要迟到了,[中] 醒醒吧，已经6点10分了。,醒醒呀，已经6点10分了。,sSwEzPD
再不起床要迟到了,[中] 你每天不是6点起床吗？,侬伐是每天6点钟起来额吗。,suwlzRe
再不起床要迟到了,[中] 今天怎么睡懒觉呢？,今朝哪能懒觉了啦。,sewbzS1
再不起床要迟到了,[中] 快起，快点起床。,快点，快点爬起来。,s4wqzTz
再不起床要迟到了,[中] 我很困，昨夜我睡不着。,吾老萨度额，昨天夜里伐着。,sQwEzUC
再不起床要迟到了,[中] 你还去上班吗？,侬还去上班伐。,sZwgzVF
再不起床要迟到了,[中] 去呀，我马上起。,去额呀，吾马上去。,swwuzXe
再不起床要迟到了,[中] 快点穿衣服。,快点穿衣裳。,srw5zYr
再不起床要迟到了,[中] 今天有点冷，把毛衣穿上。,今朝有点冷，穿绒线衫。,sWwOzY1
再不起床要迟到了,[中] 我还没洗脸哪。,吾还么咖面来。,sQwkzZO
再不起床要迟到了,[中] 快去洗脸、刷牙。,快点去咖面，刷牙齿。,sDvizzf
再不起床要迟到了,[中] 你得快点了。,侬要快点了。,s6v0zyv
再不起床要迟到了,[中] 我还得化妆哪。,吾还想化妆来。,sfvPzx3
再不起床要迟到了,[中] 你早饭想吃什么？,侬早饭想切萨？,smvbzwS
再不起床要迟到了,[中] 我到单位去吃。,吾到单位去切。,snvozvz
再不起床要迟到了,[中] 把鞋带系好。,鞋带搏好。,syvczud
再不起床要迟到了,[中] 快点走吧，否则赶不上班车了。,快走，慢交赶不上班车了。,sVvUzuy
再不起床要迟到了,[中] 快点儿，不然就要以迟到了。,快点，否则要迟到了。,sTvdztI
约了女朋友,[中] 妈妈，今天要有朋友到家里玩。,妈妈，今朝有朋友到窝里相来白相。,sUvfzh6
约了女朋友,[中] 好啊，是男孩还是女孩。,好额，男小宁还是小姑娘啊？,slvyzgo
约了女朋友,[中] 是我的女朋友。,是吾女朋友。,s6vrzgL
约了女朋友,[中] 快把房间打扫干净。,快点挠房间收作清爽。,sAvYzgG
约了女朋友,[中] 好的，我一定会干好的。,好额，吾一定会的弄好额。,sSv4zgt
约了女朋友,[中] 叫你爸爸去买些菜。,叫拿爸爸买点菜回来。,srvIzfu
请让他回个电话,[中] 喂，小李吗？,喂，小李是伐？,syvEz2Q
请让他回个电话,[中] 不是，你是谁？,伐是，侬是萨宁？,smv3z2o
请让他回个电话,[中] 我是刘刚。,吾是刘刚。,s3vez24
请让他回个电话,[中] 能帮我叫一下小李吗？,能帮吾叫声小李伐？,sFvVz2i
请让他回个电话,[中] 请稍等，他好像出去了。,侬等等，伊好像出去了。,sRvMz2C
请让他回个电话,[中] 等他回来让他给我回个电话。,等伊回来让伊打电话把吾。,sqvJz16
请让他回个电话,[中] 他知道你的电话号码吗？,伊晓得侬电话号头伐？,sav4z14
请让他回个电话,[中] 请留下你的姓名和电话。,侬留留侬额姓名脱电话。,sFviz12
请让他回个电话,[中] 我的手机号码是：12345678901,吾额手机号头是 12345678901。,sUvaz1s
请让他回个电话,[中] 好的，我记下了。,好额，吾记下来了。,s8vxz0x
请让他回个电话,[中] 30分钟后让他给你回电话。,过30分钟让伊回电话把侬。,sDvLz0g
你打错电话了,[中] 喂，你好！我想找刘先生。,喂，侬好，吾想寻刘先生。,stvizBR
你打错电话了,[中] 请问你是哪位呀？,请问侬是阿里位？,scvAzBj
你打错电话了,[中] 请大点声。,请侬刚响点。,s2vczB3
你打错电话了,[中] 我听不清你说话。,吾听伐清爽侬刚言话。,sIvdzBV
你打错电话了,[中] 我找刘刚。,吾寻刘刚。,sWvozBB
你打错电话了,[中] 你好像打错电话了。,侬好像打错特电话了。,stvazCP
你打错电话了,[中] 打扰了，请帮我转过去行吗？,伐好意思，请帮吾转过去来三伐？,sgvdzCA
你打错电话了,[中] 我找刘刚有急事。,吾寻刘刚有急事体。,sIvwzCW
你什么时候来的？,[中] 你是什么时候来的？,侬是萨辰光来额？,sIvizEJ
你什么时候来的？,[中] 我是去年7月份到这里的。,吾是去年七月份来额。,sTv5zEC
你什么时候来的？,[中] 马上就到1年了。,马上要一年了。,stvzzFa
你什么时候来的？,[中] 你是2006年毕业的吗？,侬是2006年毕业额伐？,sbvWzF6
你什么时候来的？,[中] 不是，我是2004年毕业的。,伐是额，吾是2004年毕业额。,sCvYzFD
你什么时候来的？,[中] 你已经工作5年了。,侬已经工作5年了。,sWvlzFc
你什么时候来的？,[中] 是的，快6年了。,是额，快6年了。,srvXzGE
你什么时候来的？,[中] 这几年我一直努力工作。,格几年吾一直努力工作。,sfvbzGy
现在是几月,[中] 现在是几月？,现在是几月份？,srvpzNO
现在是几月,[中] 现在是3月。,现在是三月份。,sjv1zN9
现在是几月,[中] 今天是几月几日？,今朝是几月几号？,sav6zNK
现在是几月,[中] 今天是3月10日。,今朝是三月10号。,sAvGzND
现在是几月,[中] 马上就到3月15日了。,马上就要三月15号了。,sMvfzN5
现在是几月,[中] “3.15”是消费者权益日。,“3.15”是消费者权益日。,sYvJzN2
现在是几月,[中] 下个月是几月？,下个号头是几月？,sbvuzOe
现在是几月,[中] 下个月是四月。,下个月是四月。,s2vfzOT
上海的春夏秋冬,[中] 今天天气怎么样？,今朝天气哪能？,sPv5zPv
上海的春夏秋冬,[中] 天气预报说今天是个好天气。,天气预报刚今朝是好天气。,sWvTzPy
上海的春夏秋冬,[中] 气温如何？,温度哪能？,spvczQ6
上海的春夏秋冬,[中] 不冷也不热。,伐冷啊伐热。,sjvxzQ1
上海的春夏秋冬,[中] 是个阳光明媚的春天。,是阳光明媚额春天。,scvLzQJ
上海的春夏秋冬,[中] 前两天刮大风，天气还真冷。,前两天刮大风，天气增冷。,s2vTzQm
上海的春夏秋冬,[中] 上海的冬天寒风飕飕。,上海冬天冷风飕飕额。,sXvezQL
上海的春夏秋冬,[中] 会下雪吗？,会的落雪伐？,srv1zRE
上海的春夏秋冬,[中] 偶尔会下雪。,难般会的落雪。,skvQzRR
上海的春夏秋冬,[中] 今年就下了一场大雪。,今年就落了一场大雪。,scvdzR1
上海的春夏秋冬,[中] 上海的春天，天气晴朗。,上海额春天，天气晴朗。,s1vezRX
上海的春夏秋冬,[中] 一天比一天暖和。,一天比一天暖热。,sLvazR7
上海的春夏秋冬,[中] 气温升得很快。,气温升得老快额。,sUv8zR3
上海的春夏秋冬,[中] 零上十度。,零上10度。,svvezS3
上海的春夏秋冬,[中] 但天气变化很大。,伐过天气变化老大额。,spvlzSu
上海的春夏秋冬,[中] 明天会怎么样？,明朝会的哪能？,sevEzS7
上海的春夏秋冬,[中] 听听今天的天气预报吧。,听听今朝额天气预报好了。,sJv5zS9
上海的春夏秋冬,[中] 3月16日，阴，有小雨。,3月16号，阴，有小雨。,sWvzzSm
上海的春夏秋冬,[中] 会下雨吗？,会的落雨伐。,smvozTS
上海的春夏秋冬,[中] 晚春的时候经常会下雨。,晚春额晨光经常要落雨额。,sgvbzTF
上海的春夏秋冬,[中] 春天风也很大。,春天风啊老大额。,s3vMzTb
上海的春夏秋冬,[中] 有时候会刮四五级大风。,有辰光会的刮四五级大风。,sGvdzTp
上海的春夏秋冬,[中] 夏季呢？,夏天呢？,sTvazTF
上海的春夏秋冬,[中] 天气很热。,天气老热额。,sXvLzTR
上海的春夏秋冬,[中] 夏天的平均气温28摄氏度左右。,夏天额平均温度是28度左右。,suvpzUO
上海的春夏秋冬,[中] 但最热时热情气温可达到39摄氏度左右。,伐过最热额晨光气温要到39度左右了。,sfvazUr
上海的春夏秋冬,[中] 这样的天气非常热。,格的天气老热额。,sRvjzUu
上海的春夏秋冬,[中] 太阳火辣辣的。,太阳辣花花额。,szvozVa
上海的春夏秋冬,[中] 热得要死。,热的要西。,ssvAzVd
上海的春夏秋冬,[中] 但夏天一过，那将是上海最好的季节。,伐过夏天一过，就到上海最好额季节。,slvszVc
上海的春夏秋冬,[中] 秋天，天气非常好。,秋天，天气老好额。,s4vKzVz
上海的春夏秋冬,[中] 气温非常宜人。,温度老适宜额。,sHvizVs
上海的春夏秋冬,[中] 天空很高，很蓝。,天老高，老蓝额。,sQvazVV
上海的春夏秋冬,[中] 微风轻拂，秋高气爽。,微风吹吹，秋高气爽。,szvEzWq
上海的春夏秋冬,[中] 不冷不热。,伐冷伐热。,smvAzWU
上海的春夏秋冬,[中] 真是太舒服了。,真是特适宜了。,sgvNzWH
上海的春夏秋冬,[中] 秋季是成熟的时节。,秋天是成熟额季节。,sAv1zWW
上海的春夏秋冬,[中] 秋季是收获的时节。,秋天是丰收额季节。,sKvTzWU
上海的春夏秋冬,[中] 秋季绚丽多彩。,秋天交关多姿多彩。,sVvlzWS
上海的春夏秋冬,[中] 美景随处可见。,到处才老漂亮额。,suvdzXd
上海的春夏秋冬,[中] 我认为秋天是上海最美的季节。,吾宁为秋天是上海最好看额季节。,slvbzX9
上海的春夏秋冬,[中] 我喜欢上海迷人的秋天。,吾欢喜上海额秋天。,s4vAzXu
早饭和午饭你吃什么,[中] 早上好，该吃早饭了。,早，切早饭了。,sFvjzXB
早饭和午饭你吃什么,[中] 我不吃，我到单位食堂去吃。,吾伐切，吾到单位食堂去切。,sOvuzXo
早饭和午饭你吃什么,[中] 你吃早饭了吗？,侬早饭切过伐？,sxvzzYB
早饭和午饭你吃什么,[中] 还没吃。,还没切。,sqvhzYO
早饭和午饭你吃什么,[中] 你喜欢吃什么？,侬欢喜切萨？,savXzYg
早饭和午饭你吃什么,[中] 我喜欢吃面包，喝牛奶。,吾欢喜切面包，喝牛奶。,s3vBzYv
早饭和午饭你吃什么,[中] 能吃饱吗？,切得饱伐？,sJv8zYu
早饭和午饭你吃什么,[中] 可以，我早饭吃得不多。,可以额，吾早饭切了伐多额。,sOvLzYX
早饭和午饭你吃什么,[中] 我吃得很多。,吾切了老多额。,sxvjzZa
早饭和午饭你吃什么,[中] 我要吃一碗豆浆，一根油条，一个煎鸡蛋。,吾要切一碗豆浆，一根油条，一只荷包蛋。,sqvMzZt
早饭和午饭你吃什么,[中] 我已经饿了。,吾已经饿了,s4vnzZF
早饭和午饭你吃什么,[中] 午饭我们去吃中餐还是西餐？,中饭阿拉切中餐还是西餐？,sBvazZ7
早饭和午饭你吃什么,[中] 我们就吃点快餐吧。,阿拉就切点快餐好了。,sPv8zZC
早饭和午饭你吃什么,[中] 那我们就去吃“肯德基”。,个么阿拉就去切“肯德基”。,sZv0zZt
早饭和午饭你吃什么,[中] 请给我两个汉堡。,请把吾两只汉堡。,sbuczzn
早饭和午饭你吃什么,[中] 请给我一杯热咖啡。,请把吾一杯热咖啡。,s2uhzz3
早饭和午饭你吃什么,[中] 我要一份冰淇淋。,吾要一份冰激凌。,sGufzzA
今晚吃什么,[中] 今天晚上你想吃点什么？,今朝夜里侬想切点萨？,ssuazxD
今晚吃什么,[中] 我们去吃南翔小笼包。,阿拉去切南翔小笼包。,shuQzxz
今晚吃什么,[中] 我觉得太油腻，不想吃。,吾觉得特油腻了，伐想切。,s6uIzxF
今晚吃什么,[中] 我们去吃点清淡的菜吧。,阿拉去切点清淡额菜好了。,sRuLzx0
今晚吃什么,[中] 那我们就去吃新素代。,个么阿拉去切新素代。,syuMzwg
今晚吃什么,[中] 你们有几位？,(亻那)几位？,souTzwN
今晚吃什么,[中] 我们有五位。,阿拉五额宁。,sjukzwZ
今晚吃什么,[中] 今天有什么特色的菜？,今朝有点撒额特色菜?,scuzzw5
今晚吃什么,[中] 给你一份菜单看看。,把拿份菜单看看。 ,s2uFzwG
今晚吃什么,[中] 你们要喝什么酒？,拿要切点萨老酒？,sXuuzvY
今晚吃什么,[中] 我们不喝酒。,阿拉伐切酒额。,suuAzuf
今晚吃什么,[中] 请来一份三鲜汤。,来份三鲜汤。 ,snu8zu0
今晚吃什么,[中] 主食是什么？,主食切萨？,s2u8zuJ
今晚吃什么,[中] 我们要三碗米饭。,阿拉要三碗饭。,sxuIztj
今晚吃什么,[中] 还要别的吗？,还要别额伐？,squGztk
商场购物,[中] 现在的商场，越建越大。,现在额商店，越造越大。,skuMzth
商场购物,[中] 上海的正大广场真够大的。,上海额正大广场老大额。,sBu9ztT
商场购物,[中] 周日我们去逛逛。,礼拜天阿拉去兜兜。,sNuPztW
商场购物,[中] 可以买点东西。,可以买点么子。,sXuuzt5
商场购物,[中] 你想买什么？,侬想买萨？,suuxzsq
商场购物,[中] 你穿什么尺寸的？,侬穿萨尺寸额？,sfudzrx
商场购物,[中] 你喜欢什么颜色？,侬欢喜萨颜色额？,s7uozrX
商场购物,[中] 这件你穿着很好看。,个件衣裳侬穿了老好看额。,sCu9zro
商场购物,[中] 我不喜欢这颜色。,吾伐欢喜个只颜色。,sPu6zrG
商场购物,[中] 我想要件黑色的。,吾要件黑颜色额。,sZuVzrb
商场购物,[中] 你穿上试试吧。,侬穿了试试看。,sfupzqd
商场购物,[中] 我给女朋友买一件衣服。,吾帮女朋友买件衣裳。 ,s7uszqy
商场购物,[中] 今年最流行这样款式和颜色。,今年最流行个种样子帮颜色了。,sCuZzqG
商场购物,[中] 穿上很时髦，很漂亮。,穿上去老时髦，老好看额。,sSufzqK
商场购物,[中] 试衣间在哪儿？,试衣间了了阿里的？,suuVzpW
商场购物,[中] 我想就要这件了。,吾就要个件了。,sjupzpp
商场购物,[中] 你想买鞋吗？,侬想买鞋子伐？,scuFzpR
商场购物,[中] 我们店有很多名牌皮鞋。,阿拉店里有老多名牌皮鞋。,s3ujzpX
商场购物,[中] 你穿多大号码的鞋。,侬穿萨尺寸额鞋子？,sJuEzpG
商场购物,[中] 这双鞋是名牌。,个双鞋子是名牌。,skuFzof
商场购物,[中] 我可以试一试吗？,吾可以试试看伐？,sbuUzoS
商场购物,[中] 这鞋太紧了。,个鞋子太紧了。,s1upzo9
商场购物,[中] 你看这双鞋是否合适。,侬看个双鞋子来三伐？,sGuLzo3
商场购物,[中] 42号的，就要这双吧。,42码额，就要个双。,sRuEzoo
购买香水,[中] 小姐，你买化妆品吗？,小姐，侬买化妆品伐？,suurznD
购买香水,[中] 我想买一瓶香水。,吾想买瓶香水。,sjulznM
购买香水,[中] 这是法国最好的香水。,个是法国最好额香水。,sauwznd
购买香水,[中] 香味很温馨。,味道老温馨额。,sKuOznG
购买香水,[中] 我再看一看其它品牌的。,吾再看看别额品牌。,sTunznh
购买香水,[中] 我们有很多品牌的供你选择。,阿拉有老多品牌把侬选择。,sxuSzmO
购买礼物给女朋友,[中] 明天是我女朋友的生日。,明朝是吾女朋友额生日。,sku4zme
购买礼物给女朋友,[中] 我想买一个娃娃送给她。,吾想买扎娃娃送把伊。,s8uGzmU
购买礼物给女朋友,[中] 那就买“芭菲宝宝”送给她。,个么就买“芭菲宝宝”送把伊。,sCu7zmP
购买礼物给女朋友,[中] “芭菲宝宝”是智能娃娃。会说，会笑，会要吃的……,“芭菲宝宝”是智能娃娃，会的刚，会的笑，会的要吃额。,sPuuzmd
购买礼物给女朋友,[中] 困了还会睡觉。,吃力了还会的觉。,shuyzlu
购买礼物给女朋友,[中] 有那么好玩吗？,有嘎好白相伐？,s8uAzlR
购买礼物给女朋友,[中] 是的，女孩特别喜欢。,有额，小姑娘才欢喜额。,s1uTzlv
购买礼物给女朋友,[中] 给她买块手表吧？,帮伊买扎手表好伐？,sZu8zlx
购买礼物给女朋友,[中] 这是最流行的超概念表。,个是最流行额超概念表。,squlzkh
购买礼物给女朋友,[中] 但它不实用。,伐过伐实用。,sfuYzkT
购买礼物给女朋友,[中] 请问，还需要什么吗？,请问，需要萨伐？,s9uKzkI
购买礼物给女朋友,[中] 我需要结帐。,吾要买单。,s0uTzk3
购买礼物给女朋友,[中] 能打折吗？,可以打折头伐？,sFulzkb
购买礼物给女朋友,[中] 我们的商品都是优惠价。,阿拉额商品才是优惠价。,sMuazkR
购买礼物给女朋友,[中] 可以便宜些吗？,可以便宜点伐？,sXuJzk5
购买礼物给女朋友,[中] 我们先算帐吧。,阿拉先买单好了。,svuczjk
购买礼物给女朋友,[中] 裙子，人民币119元，鞋，人民币316元。,裙子，人民币119块，鞋子，人民币316块。,snuEzjs
购买礼物给女朋友,[中] 合计人民币435元整。,一共人民币435块。,sOuWzjr
购买礼物给女朋友,[中] 这太贵了。,个特巨了。,syulzi8
购买礼物给女朋友,[中] 能再优惠一些吗？,能再便宜点伐？,ssu8zil
购买礼物给女朋友,[中] 好吧，再给打一个7折。,好额，再把侬打只7折。,sluQzio
购买礼物给女朋友,[中] 打7折后是人民币304.5元。,打好7折是人民币304块5角。,s7uzzi9
购买礼物给女朋友,[中] 就算人民币304元吧。,就算人民币304块好了。,sIu9ziT
购买礼物给女朋友,[中] 请到付款台结帐。,请到收银台付钞票。,sVucziE
购买礼物给女朋友,[中] 付款台在哪儿？,收银台了了阿里的？,suuvzhp
购买礼物给女朋友,[中] 你是付现金是刷卡？,侬付现金还是拉卡？,slutzhl
购买礼物给女朋友,[中] 我付现金。,吾付现金。,sGupzh0
购买礼物给女朋友,[中] 给你，这是人民币304元整。,把侬，个是人民币304块。,sMuwzhr
购买礼物给女朋友,[中] 这是我给你的钱。,个是吾把侬额钞票。,syuIzg9
购买礼物给女朋友,[中] 这是收据，请收好。,个是收据，收好。,spuKzg5
谈论业余爱好,[中] 今晚不知放什么电影？,今朝伐晓得放萨电影？,sfuYzgI
谈论业余爱好,[中] 我们去看电影怎么样？,阿拉去看电影好伐?,s2uBzgk
谈论业余爱好,[中] 不知是国产片还是进口片。,伐晓得是国产片还是进口片。,sHuozgy
谈论业余爱好,[中] 好像是恐怖片《午夜凶灵》。,好像是恐怖片《午夜凶铃》。,sVuRzgD
谈论业余爱好,[中] 好哇，那一定很有意思。,好额，肯定老有劲额。,squrzfC
谈论业余爱好,[中] 我讨厌恐怖片，太紧张了。,吾老讨厌恐怖片额，特紧张了。,sguHzfv
谈论业余爱好,[中] 我还是在家看看电视，上上网吧。,我还是了了窝里看看电视，上上网算了。,sRugzfm
谈论业余爱好,[中] 电视没有什么好节目。,电视么萨好节目看额。,sruIzed
谈论业余爱好,[中] 播那么多广告，真烦人。,放嘎许多广告，烦色特了。,sgujzeO
谈论业余爱好,[中] 我看体育频道，NBA篮球赛……,"吾看体育频道,NBA篮球赛。",s3uzzeu
谈论业余爱好,[中] 我喜欢体育项目比赛……,吾欢喜体育比赛。,sMu2zeh
谈论业余爱好,[中] 我坚持每周爬两次山。,吾坚持每额礼拜爬两趟山。,sUuOzep
谈论业余爱好,[中] 我每天坚持晨练，晚上散步。,"吾每天坚持晨练,夜里散步。",ssuEzdo
谈论业余爱好,[中] 你最喜欢什么活动？,侬最欢喜萨活动？,scuuzdZ
谈论业余爱好,[中] 我喜欢下象棋。,吾欢喜走象棋。,s3ulzdN
谈论业余爱好,[中] 也喜欢看看书，看看报。,"啊欢喜看看书,看看报。",sEuCzda
谈论业余爱好,[中] 爱看人物传记……,欢喜看人物传记。,szu5zc5
谈论业余爱好,[中] 我的爱好很多，游泳、打球……,"吾额爱好老多额,游泳,打球。",srumzcF
谈论业余爱好,[中] 我喜欢丰富多彩的生活。,吾欢喜丰富多彩额生活。,s9uVzcI
乘车及买票,[中] 你怎么还没到？,侬哪能还么到？,sBuAzcU
乘车及买票,[中] 现在塞车。,现在堵车。,sIuMzcc
乘车及买票,[中] 你到什么地方了？,侬到萨地方了？,sOuSzc9
乘车及买票,[中] 我刚到东方路。,吾到东方路了。,sVuXzcq
乘车及买票,[中] 能准时到达吗？,能准时到伐？,swuTzbO
乘车及买票,[中] 以后再去上海火车站最好坐地铁。,下趟再去上海火车站最好就是乘地铁。,spuEzbg
乘车及买票,[中] 火车票买到了吗？,火车票买到了伐？,s7ujzbW
乘车及买票,[中] 买到了，21次特快。,"买到了,21次特快。",sLugzbK
乘车及买票,[中] 几点钟到上海？,几点钟到上海?,sYuUzbW
乘车及买票,[中] 明天早晨7点20分到。,明朝早浪相7点20分到。,stuRzaB
乘车及买票,[中] 票价多少钱？,票子多少钞票?,sguOzad
乘车及买票,[中] 往返票价多少钱？,来回票多少钞票?,s8u2za2
乘车及买票,[中] 咨询一下飞机的情况。,咨询一下飞机额情况。,sBuszag
乘车及买票,[中] 航班、票价、时间等。,"航班,票价,晨光老萨。",sLuTzal
乘车及买票,[中] 请问是民航售票处吗？,请问是民航售票处伐？,sYuazay
乘车及买票,[中] 我想订一张20日到上海的机票。,吾想订一张20号到上海额机票。,squBz9U
乘车及买票,[中] 你需要什么时候的？,侬需要萨晨光额？,sauOz9T
乘车及买票,[中] 要一张夜航的票价可以打对折吗？,"要一张夜里相额航班额,可以打对折。",sSuEz9X
乘车及买票,[中] 可以，是单程还是往返。,"可以额,单程票还是来回票？",snuyz88
乘车及买票,[中] 往返的，请把票送到公司来。,"来回票,请挠票子送到公司来。",s7usz8G
乘坐出租车,[中] 嗨！出租车。,嗨！差头。,sJunz8B
乘坐出租车,[中] 你到哪儿？,侬到阿里的？,sOuEz8n
乘坐出租车,[中] 我去机场。,吾去机场。,sVuoz8m
乘坐出租车,[中] 请上车，把行李放在后备箱。,"请上车,挠行里把了后备箱。",szuJz71
乘坐出租车,[中] 从这到机场有多少公里？,从个的到机场有多少公里？,sluEz7Y
乘坐出租车,[中] 大概40公里。,大概40公里。,s8ubz7k
乘坐出租车,[中] 车费多少钱？,车费多少？,s1uTz7W
乘坐出租车,[中] 每公里人民币2.4元钱，由计价器打印发票。,"每公里人民币2块4角,计价器会的打发票额。",sPufz7X
乘坐出租车,[中] 路上堵车吗？,路浪相堵车伐？,snuiz6U
乘坐出租车,[中] 会堵的，但50分钟可以到机场。,会的堵额，伐过50分钟可以到机场了。,sfu7z6x
乘坐出租车,[中] 给你100元钱。,把侬100块。,sFuzz6G
请问去世纪公园怎么走？,[中] 请问去世纪公园怎么走？,请问去世纪公园哪能走?,sLu2z6H
请问去世纪公园怎么走？,[中] 从这里坐花木1路路公交车车直达世纪公园。,从个的乘花木1路公交车直接到世纪公园。,sXuQz6z
请问去世纪公园怎么走？,[中] 公交车拥挤吗？,公交车会的挤伐？,sfu0z56
请问去世纪公园怎么走？,[中] 上、下班高峰时拥挤。,上下班高峰额晨光比较挤。,s6ubz5w
请问去世纪公园怎么走？,[中] 过马路请走人行横道。,过马路请走人行横道线。,sFuTz5Q
请问去世纪公园怎么走？,[中] 过街天桥,过街天桥。,sRumz56
请问去世纪公园怎么走？,[中] 过街通道。,过街通道。,ssufz4j
请问去世纪公园怎么走？,[中] 注意交通安全。,注意交通安全。,snuFz4r
银行取款,[中] 我想取些钱。,吾想挠点钞票。,sfuiz40
银行取款,[中] 请到自动取款机。,请到自动取款机。,s7u1z48
银行取款,[中] 不行，我还要换些零钱。,"伐来三,吾还要调点零钞票。",sBuAz44
银行取款,[中] 请输入密码。,请输密码。,sPuoz4H
银行取款,[中] 你要取多少钱？,侬要挠多少钞票。,sVuWz4n
银行取款,[中] 我取500元整。,吾挠500块整额。,suuuz3z
银行取款,[中] 另外，10元的要5张，5元的要10张……,"还有,10块头5张,5块头10张。",slufz31
银行存款,[中] 先生，我要存钱，操作流程是怎样的？,先生，我要存钞票，哪能存法？,s8yzzQT
银行存款,[中] 你要活期存款，还是定期存款？,侬要存活期存款，还是定期存款？,sGykzQm
银行存款,[中] 我们这有外币人民币定期一本通，也有活期一本通。,阿拉搿搭有外币人民币定期一本通，也有活期一本通。,sVy6zQ2
银行存款,[中] 活期取款的话，你可以随时用硬卡取钱。,活期取款末，侬可以随便啥个辰光用硬卡拉。,sfyczRP
银行存款,[中] 你可以到有“银联”标志的ATM机里取钱。,侬可以到有“银联”标志个ATM机里去拿钞票。,sCyszRn
银行存款,[中] 给你这张卡，我们银行有二十四小时自动服务。,搿张卡拨侬，阿拉银行有廿四小时自动服务个。,sVyxzRI
银行存款,[中] 那硬卡怎么用呢？,葛末硬卡哪能用法呢？,s2ySzS8
银行存款,[中] 插进去，看它的说明操作就可以了。,插进去，看伊说明操作打就是了。,sHyZzSV
银行存款,[中] 请问，这里可以用美元换人民币吗？,请问，我要拿美元调人民币，搿搭好调拨我伐？,sVy5zSc
银行存款,[中] 现在日元和人民币的兑换率是多少？,现在日币告人民币个兑换率是多少？,slyDzTc
银行存款,[中] 请你把这张旅行支票换成现金。,请侬拿搿张旅行支票调成现钞。,s6yYzT8
银行存款,[中] 请你在这里签字。,请侬搿搭签个字。,sIyZzTi
银行存款,[中] 一共是七千五百四十二元，你数一数。,一共是七千五百四十二块，侬点一点。,sRy6zTD
银行存款,[中] 请帮我换点零钱可以吗？,请侬帮我换一点零碎钞票好伐？,spyazUq
寄特快专递,[中] 我想寄一个特快专递。,吾想寄只特快专递。,s3uazDL
寄特快专递,[中] 寄的是什么？,寄额是萨？,sGugzDL
寄特快专递,[中] 一本英汉字典。,一本英汉字典。,sMu3zD1
寄特快专递,[中] 邮费多少钱？,邮费多少钞票？,sUuNzD9
寄特快专递,[中] 先让我称一下重量。,先让吾称称重量。,swubzE3
寄特快专递,[中] 邮资总共40元整。,邮费一共40块。,smuuzEx
寄特快专递,[中] 要贴邮票吗？,要贴邮票伐？,sdumzEQ
寄特快专递,[中] 不需要，现在用电脑打印邮资已付。,"伐需要额,现在用电脑打印额邮费已付。",s6uazEg
寄挂号信,[中] 我买几张邮票。,吾买几张邮票。,sPuVzEh
寄挂号信,[中] 我想寄一封挂号信。,吾想寄封挂号信。,soukzFF
寄挂号信,[中] 这封信超重了。,个封信超重了。,sfuBzFX
寄挂号信,[中] 请把地址写清楚。,地址填清桑。,s6umzFw
寄挂号信,[中] 请填写好邮政编码。,请侬填好邮政编码。,sAubzF3
寄挂号信,[中] 什么时候能寄到北京。,寄到北京要多少晨光？,sKuCzFK
寄挂号信,[中] 大约一个星期。,大概一额礼拜。,sVu4zFa
生病就诊,[中] 医生，我这几天很不舒服。,"医生,吾格两天老伐适宜额。",swuyzGt
生病就诊,[中] 你咳嗽吗？流鼻涕吗？,"侬咳嗽伐,流鼻涕伐？",shuyzGW
生病就诊,[中] 你发烧吗？哪儿感觉难受？,"侬发寒热伐,阿里的难过?",s5u9zGZ
生病就诊,[中] 请量一下体温。,量量体温。,sJuszGB
生病就诊,[中] 请测一下血压。,量量血压。,squ7zHv
生病就诊,[中] 你得过肺炎吗？,侬得过肺炎伐？,sku1zHs
生病就诊,[中] 最好拍一下X光片。,最好拍张x光片。,scuBzH3
生病就诊,[中] 你发烧了。,侬发寒热了。,s2uhzHx
生病就诊,[中] 请做进一步检查。,要做进一步额检查。,sDubzHu
生病就诊,[中] 抽血化验一下。,要做抽血化验。,sMu9zHq
生病就诊,[中] 你是病毒性感冒。,侬是病毒性感冒。,sUuAzHi
生病就诊,[中] 严重吗？,严重伐？,swu4zIB
生病就诊,[中] 不严重，我给你开些药。,"伐严重,吾帮侬开点药。",sruQzI6
生病就诊,[中] 回去要及时服药。,回去要及时切药。,seudzIj
生病就诊,[中] 你很快就会好的。,侬就会的老快好额。,sMuFzIW
生病就诊,[中] 你的病还没好吗？,侬额毛病哪能了？,sWuNzI9
生病就诊,[中] 我头晕得厉害。,吾头老晕额。,suu4zJj
生病就诊,[中] 湿身懒散无力。,浑身么力气。,smuezJo
生病就诊,[中] 没有食欲，什么也不想吃。,"么胃口,萨啊伐想切。",sfu3zJE
生病就诊,[中] 让我检查检查。,让吾检查检查。,s2udzJF
生病就诊,[中] 你这种情况有几天了。,侬个种情况有几天了？,sFuDzJ2
生病就诊,[中] 你最好卧床休息一两天。,侬最好登了床浪相休息一两天。,sQuhzJJ
生病就诊,[中] 多吃些新鲜的蔬菜和水果。,多切点新鲜额蔬菜帮水果,svuLzKR
生病就诊,[中] 希望你早日康复。,希望侬早点康复。,sjuQzKG
心情情绪,[中] 好的，我真的太高兴了。,"好额,吾特开心了。",sAufzK7
心情情绪,[中] 我被复旦大学录取了。,吾被复旦大学录取了。,sKuszKI
心情情绪,[中] 你看这是我的入学通知书。,"侬看,个是吾额入学通知书。",sUuezKW
心情情绪,[中] 太棒了。,特赞了。,ssuuzLm
心情情绪,[中] 兴奋的我一夜都未睡着觉。,吾兴奋得来一夜天么着。,snuXzLM
心情情绪,[中] 我们都为你高兴。,阿拉才为侬开心。,sauAzLg
心情情绪,[中] 我今天的心情非常好。,吾今朝心情特别好。,s2uRzLo
心情情绪,[中] 爸爸妈妈也都很欣慰。,爸爸妈妈啊老欣慰额。,sHufzLm
心情情绪,[中] 你知道戴敏考的怎么样吗？,侬晓得戴敏考了哪能伐？,sRuSzLF
心情情绪,[中] 听说成绩不太好。,"听刚,伊成绩伐大好。",sxufzMc
心情情绪,[中] 他的心情很沮丧。,伊心里老难过额。,scu8zMj
心情情绪,[中] 情绪低落。,情绪低落。,s4uwzMH
心情情绪,[中] 这些天一直愁眉苦脸。,个两天伊额面孔老难看额。,sBuqzMK
心情情绪,[中] 他自己失去了信心。,伊自己失去信心了。,sNu7zMw
心情情绪,[中] 很失望，很难过。,"老失望, 老难过额。",sWuHzMB
心情情绪,[中] 还不知能不能上大学。,还伐晓得能伐能上大学了。,souBzNH
心情情绪,[中] 太遗憾了。,特遗憾了。,scudzNh
心情情绪,[中] 让他不要太伤心。,叫伊伐要太伤心。,s6urzNs
心情情绪,[中] 更不要悲观。,更加伐要悲观。,sBuhzNk
心情情绪,[中] 没人能理解他现在的感受。,么宁能理解伊现在额感受。,sUuZzN4
介绍女朋友,[中] 我喜欢你。,吾欢喜侬。,ssuYzV7
介绍女朋友,[中] 你有知识、大方、漂亮。,侬有文化，大方，漂亮。,smuRzVy
介绍女朋友,[中] 很可爱。,老可爱额。,sauIzVd
介绍女朋友,[中] 是吗？我也喜欢你。,是伐？吾啊欢喜侬。,s3uyzVT
介绍女朋友,[中] 但我不能跟你谈恋爱。,伐过吾伐好帮侬谈朋友。,sHuMzV5
介绍女朋友,[中] 因为我有男朋友了。,因为吾有男朋友了。,swufzWe
介绍女朋友,[中] 我们俩感情很好。,阿拉两额宁感情老好额。,smuezWu
介绍女朋友,[中] 我们相恋快三年了。,阿拉谈了快三年了。,saunzW9
介绍女朋友,[中] 这是他送给我的订婚礼品。,个是伊送把吾额订婚礼物。,s1uZzWG
介绍女朋友,[中] 我给你介绍一个女朋友呀。,吾帮弄介绍额女朋友好来。,sNuyzWQ
介绍女朋友,[中] 好啊，你可以当媒人了。,好额，侬可以当媒宁了。,sZuLzWs
介绍女朋友,[中] 杨雪对你有意思。,杨雪对侬有意思。,snuVzXd
介绍女朋友,[中] 她可能看上你了。,伊大概看中侬了。,sduWzXt
介绍女朋友,[中] 你可以去向她求爱。,侬可以跟伊表白一下。,s3u4zXS
约会求爱,[中] 杨雪，可以约你出去吗？,杨雪，可以约侬出去伐？,sIuczXm
约会求爱,[中] 我很喜欢陪你。,吾老欢喜陪侬额。,suuZzYq
约会求爱,[中] 你长的很帅。,侬长了老帅额。,skuZzYT
约会求爱,[中] 你也很迷人呀！,侬啊老吸引宁额。,sbuVzYm
约会求爱,[中] 登山多累呀？,登山嘎吃力额。,sAuezYA
约会求爱,[中] 你爬不动时，我可以背你呀！,侬爬伐动，吾可以背侬额呀。,sKu0zYO
约会求爱,[中] 你别有用心……,侬别有用心。,sYuPzY7
约会求爱,[中] 杨雪，我爱你！,杨雪，吾爱侬。,sruCzZI
约会求爱,[中] 嫁给我吧。,嫁把吾好伐。,shunzZ5
约会求爱,[中] 不行，因为我想嫁给有钱人。,伐来三额，因为吾要嫁把有钞票宁额。,s9uUzZf
约会求爱,[中] 你想嫁给“大款”？,侬想寻“大款”啊？,swtDzzQ
婚礼安排及生育,[中] 亲爱的，我们结婚吧。,亲爱地，阿拉结婚好伐？,sktizzH
婚礼安排及生育,[中] 我同意，你看什么时候结婚？,吾同意，侬看萨晨光结婚啊?,s6tgzzR
婚礼安排及生育,[中] 我们选一个良辰吉日。,阿拉选只好日节。,sKtbzzM
婚礼安排及生育,[中] 结婚是一生中的一件大事。,结婚是一生当中额大事体。,sWtUzz0
婚礼安排及生育,[中] 我想办的风风光光的。,吾想办了体面一点。,sotBzyo
婚礼安排及生育,[中] 办中式婚礼。,办中式额。,sctyzy1
婚礼安排及生育,[中] 大摆喜宴，热闹一番。,摆老多桌，闹忙点。,s4t4zyU
婚礼安排及生育,[中] 二是西式婚礼。,要么西式额？,sHtAzyJ
婚礼安排及生育,[中] 拖地婚纱，在教堂结婚。,拖地婚纱，了了教堂结婚。,sOtZzyG
婚礼安排及生育,[中] 三是旅行婚礼。,要么旅行结婚？,smtUzx3
婚礼安排及生育,[中] 到国外去度蜜月，过二人世界。,到国外去度蜜月，过两宁世界。,sctHzxM
婚礼安排及生育,[中] 我没法决定。,吾么办法决定。,sEtMzxH
婚礼安排及生育,[中] 征求一下父母、亲属的意见。,问问看爷娘帮亲眷额意见。,sOt0zxX
婚礼安排及生育,[中] 我们马上去见他们。,阿拉马上去寻伊拉。,sxtCzws
婚礼安排及生育,[中] 我们俩真是很相配。,阿拉两额宁真额老配额。,sktMzwd
婚礼安排及生育,[中] 新婚夫妇。,新婚夫妻。,s7tWzwB
婚礼安排及生育,[中] 婚后，你们会要小孩吗？,结婚以后，拿要小宁伐？,sBtmzw6
婚礼安排及生育,[中] 会的，我们想要一个小宝宝。,要额，阿啦想要一个小宁。,sNt4zwM
婚礼安排及生育,[中] 喜欢男孩还是女孩。,欢喜男男头啊是女小宁？,sztkzvw
婚礼安排及生育,[中] 男孩、女孩都一样。,男女才一样额。,s8tzzv5
婚礼安排及生育,[中] 那你们要加强营养。,个么(亻那)要多补补营养。,sBtyzvl
婚礼安排及生育,[中] 保持健康是最要紧的事。,保持健康是最关键额事体。,sLtNzvq
面试,[中] 你是来面试的吗？,侬是来面试额，是伐？,sYtXzvb
面试,[中] 是的，我听说贵公司需要一个管理人。,是额，吾听刚拿公司需要一额管理宁。,sqthzud
面试,[中] 你从事过这种工作吗？,侬做过个种工作伐？,s8tGzuo
面试,[中] 以前没有。,老早么。,sDtLzuz
面试,[中] 你毕业于哪所大学？,侬阿里只大学毕业额?,sKtIzuZ
面试,[中] 我毕业于复旦大学。,吾复旦大学毕业额。,sWtqzud
面试,[中] 你学的什么专业？,侬学萨专业额？,sttHztO
面试,[中] 企业管理。,企业管理。,s8t5zt6
面试,[中] 请简述一下你将如何开展工作。,请侬刚刚侬准备将来哪能工作。,s0tfztb
面试,[中] 你熟悉电脑吗？,侬会的用电脑伐？,sPt2ztc
面试,[中] 你会操作复印机吗？,侬会的用复印机伐？,sYtTztF
面试,[中] 你还有什么特长？,侬还有萨特长？,sptYzs5
面试,[中] 这是我的简历。,个是吾额简历。,sdtozsc
面试,[中] 你要求的薪水是多少？,侬要求额工资多少？,s1t6zsG
面试,[中] 由公司决定吧。,公司决定好了。,sLtRzsa
面试,[中] 我们是有试用期的。,阿拉有的试用期额。,sWtuzsD
面试,[中] 试用期多长时间？,试用期多少晨光？,sttEzru
面试,[中] 三个月的时间。,三额号头。,s8tmzrj
面试,[中] 我什么时候可以上班？,吾萨晨光可以上班？,s0tHzrC
面试,[中] 我们会通知你的。,阿拉会的通知侬额。,sMt9zrT
辞职的原因,[中] 听说你辞职了，为什么？,听刚侬辞职了，维萨？,sXtRzrj
辞职的原因,[中] 公司不履行协议。,公司伐履行协议。,smtnzqf
辞职的原因,[中] 面试时讲好的起薪三千元。,面试额晨光刚好起薪三千块额。,satIzqs
辞职的原因,[中] 三个月后，工资四千元。,三个号头以后，工资四千块。,sFtVzqt
辞职的原因,[中] 工作多长时间了？,工作多少晨光了？,sUtBzqI
辞职的原因,[中] 已经六个月了。,已经六额号头了,svtbzpY
辞职的原因,[中] 找老板谈了吗？,寻老板谈过伐？,smtYzpK
辞职的原因,[中] 谈了，他总说等等、等等。,谈过了，伊老是刚等等、等等。,sAtIzpK
辞职的原因,[中] 我认为公司违约了。,吾认为公司违约了。,sQtVzpJ
辞职的原因,[中] 我选择了辞职。,吾就辞职了。,sytqzoX
解雇的原因,[中] 你今天怎么没上班。,侬今朝哪能么上班？,sqtRzoN
解雇的原因,[中] 我被解雇了。,吾被伊拉辞退了。,sfttzoy
解雇的原因,[中] 啊！你为什么被解雇？,啊，侬维萨被辞退？,s7tdzoT
解雇的原因,[中] 我今天冲老板发了一通脾气。,吾今朝帮老板发火了。,sDtNzoj
解雇的原因,[中] 你跟老板嚷了？,侬跟老板吵相骂啦？,sQtKzoy
解雇的原因,[中] 是的，我恨他。,是额，吾恨伊。,sztYznk
解雇的原因,[中] 你这是自作自受。,侬格是自作自受。,sot3znH
解雇的原因,[中] 去向老板道歉。,去帮老板道歉。,s0tNznu
解雇的原因,[中] 不去，他不讲情面。,伐去，伊伐刚道理。,sHtDznz
解雇的原因,[中] 老板对我们很严厉。,老板对阿拉老凶额。,sTtVzng
警局报案,[中] 警官，我来报案。,警察，吾来报案。,sstqziW
警局报案,[中] 发生了什么事？,发生了萨事体？,sitbzip
警局报案,[中] 我的钱包丢了。,吾额皮夹子落特了。,s8tozi9
警局报案,[中] 在什么地方？,了了萨地方？,sBtaziE
警局报案,[中] 在上海火车站售票大厅。,了了上海火车站额售票大厅。,sKtszi5
警局报案,[中] 你怎么发现的？,侬哪能发觉额？,sXt4zim
警局报案,[中] 我准备拿钱买票……,吾准备挠钞票买票。,sst4zhX
警局报案,[中] 你不要急，不要哭。,侬伐要急，伐要哭。,sftkzhl
警局报案,[中] 再好好找一找。,再好叫寻寻看。,s4tyzhq
警局报案,[中] 我都找遍了。,吾才寻过了。,sEtqzhX
警局报案,[中] 那好吧。请你做个笔录。,个么，请侬做扎笔录。,sztkzg3
警局报案,[中] 请你把刚才的事仔细说一下。,请侬挠刚刚额事体再刚一刚。,sotFzgT
警局报案,[中] 我在地下通道里遇到抢劫。,我了了地下通道碰到抢劫。,s8tFzga
警局报案,[中] 抢走了什么东西？,萨物事被抢特了？,sGtMzgZ
警局报案,[中] 我的背包。,吾额背包。,sTthzgM
警局报案,[中] 有几个人？,有多少宁？,syt0zfE
警局报案,[中] 一共两个人。,一共两额宁。,sptvzfz
警局报案,[中] 他们有什么特征。,伊拉有萨特征伐？,shtszfa
警局报案,[中] 都是年青人，大概23岁左右。,才是年纪轻额，大概23岁左右。,s7tFzfR
警局报案,[中] 中等身材、平头、偏胖……,中等身材，板刷头，偏胖。,sLt5zfD
警局报案,[中] 他们怎么抢走你的背包？,伊拉哪能抢侬额背包额。,sct0zeG
警局报案,[中] 他们一前一后把我夹在中间。,伊拉一前一后，挠吾嘎了当中。,sAt3ze8
警局报案,[中] 他们使用凶器了吗？,伊拉用萨凶器了伐？,sQtJze9
警局报案,[中] 好像手中有刀。,好像手浪相有刀。,sxtczdi
警局报案,[中] 是什么样式的刀？有多长？,是萨样子额刀，有多少长？,smtAzdp
警局报案,[中] 我当时吓懵了。,吾当时晨光吓色特了。,s6tNzdq
警局报案,[中] 什么也记不清了。,萨啊伐记得了。,sFtmzd3
警局报案,[中] 你背包里都有什么东西？,侬包里有点萨么子？,sOtdzdf
警局报案,[中] 有钱包、有身份证、有手机。,有皮夹子，有身份证，有手机。,sYtqzdA
警局报案,[中] 请留下你的联系方式。,请挠侬额联系方式留下来。,sktSzcX
警局报案,[中] 我们一旦破案就会跟你联系。,阿拉一旦破了案，就会的帮弄联系额。,sFtrzcy
警局报案,[中] 遇到紧急情况千万不能慌。,碰到紧急情况千万伐好慌张额。,sVtZzc7
警局报案,[中] 要保持冷静。,要保持冷静。,sltAzbL
见面致礼,[中] 早上好，陈先生！,早浪好，陈先生！,sptIz9z
见面致礼,[中] 是张先生啊，你好！,是张先生啊，侬好！,sftiz9M
见面致礼,[中] 好久不见，我很想念你啊！,长远勿见，我老想念侬额！,s4t5z9F
见面致礼,[中] 我也常想来看看你！,我也常常想来望望侬。,sJtXz9N
见面致礼,[中] 今天碰到你，我很高兴。,今朝碰到侬我交关开心。,sVtBz9E
见面致礼,[中] 你最近身体好吗？,侬搿抢身体好伐？,srt1z8a
见面致礼,[中] 身体挺好的。,身体蛮好。,shtez8F
见面致礼,[中] 你最近好吗？,侬最近好伐？,s9toz8A
见面致礼,[中] 还可以，不是很忙。你怎么样？,还好，勿大忙，侬呢？,s0t2z8S
见面致礼,[中] 最近一阵很忙！,搿抢里我老忙额！,sMtwz8F
迎接客人,[中] 张阿姨，是我来了。,张阿姨，是我来了。,sstBz73
迎接客人,[中] 请进来！,请进来！,sgtyz7T
迎接客人,[中] 来，来，坐啊，请坐。,来，来，坐啊，请坐。,s6tAz7e
迎接客人,[中] 没什么可以招待你。,没啥好招待侬额。,sJtrz7T
迎接客人,[中] 你想喝咖啡还是喝茶？,侬要吃咖啡还是要吃茶啊？,sTtcz7s
迎接客人,[中] 阿姨，您别客气，喝点开水就行。,阿姨勿要客气，倒杯白开水吃吃好了。,stt2z6d
迎接客人,[中] 今天过来，有些什么事啊？,今朝侬上门来，有点啥事体啊？,sbtjz6J
迎接客人,[中] 我有点儿小事情想请您帮忙。,吾有点小事体想请侬帮忙。,sEt6z6I
送别,[中] 你要走了吗？,侬要走啦？,sUt6z6l
送别,[中] 时间不早了，我先回去了。,辰光勿早了，我要回去了。,sxtgz5q
送别,[中] 再坐一会儿吧！,再坐一歇好。,s5tpz5z
送别,[中] 不坐了，我还有点事。,勿坐了，我还有点事体了海。,sDt3z5h
送别,[中] 那我送送你。,葛末我送送侬。,sStnz5U
送别,[中] 不用了，我自己走。,勿要送得个，吾自家走。,syt0z4n
送别,[中] 没关系，就送你到电梯口。,勿要紧个，送侬到电梯口。,sjtxz4f
送别,[中] 谢谢，谢谢。,谢谢，谢谢。,s4tqz4U
送别,[中] 走好，走好，这儿有灯，开一下。,走好，走好，搿搭盏灯开一开。,sDtEz4j
送别,[中] 别送了，请留步。,留步，留步，勿要送了。,sStZz4f
送别,[中] 再见！有空多来玩儿！,再会！有空多来白相相！,sttqz30
送别,[中] 一定来。再见！,一定来。拜哎，拜哎！,shtFz3d
道谢,[中] 麻烦你了。,麻烦侬了。,sFtaz3d
道谢,[中] 搞的你今天累死了！,乃弄得侬今朝吃力煞了！,sMtqz3R
道谢,[中] 没关系！,勿搭界个！,sXtNz3I
道谢,[中] 还有什么要我帮忙吗？,侬还有啥个事体要我帮忙伐？,svtZz2o
道谢,[中] 没了。,没啥了。,sitIz27
道谢,[中] 我真不好意思。,吾老勿好意思。,sbtGz28
道谢,[中] 谢谢你！,谢谢侬！,s1tUz2F
道谢,[中] 谢什么，甭谢，没关系的。,谢啥！勿要谢，我没关系额。,sGttz2r
交朋友询问情况,[中] 请问你贵姓？,请问侬贵姓？,sUtAz15
交朋友询问情况,[中] 我姓李。,吾姓李。,swtvz0Q
交朋友询问情况,[中] 全名是什么？,大名叫啥？,sptHz0i
交朋友询问情况,[中] 我叫李超。,大名叫李超。,sht2z0n
交朋友询问情况,[中] 他是谁？,伊啥人啊？,s8tTz05
交朋友询问情况,[中] 他是王晓明。,伊是王晓明。,sAtpz0d
交朋友询问情况,[中] 他是哪里人？,伊啥地方人？,sIt8z0l
交朋友询问情况,[中] 我是上海人。,吾是上海人。,sQtIz0t
交朋友询问情况,[中] 他从哪儿来？,伊啥地方来额？,sktazA8
交朋友询问情况,[中] 他从南京来。,伊南京来额。,sctkzAd
交朋友询问情况,[中] 请问你在哪工作？,请问侬辣辣阿里搭工作？,s5t9zAP
交朋友询问情况,[中] 给你看，这是我的名片。,喏，搿个是吾额名片。,sHtczAA
交朋友询问情况,[中] 你来上海多久了？,侬到上海来了多少辰光了？,sTt7zAa
交朋友询问情况,[中] 我来了好长时间了。,吾来了交关辰光了。,sutKzBI
交朋友询问情况,[中] 你会说上海话吗？,侬上海言话讲得来伐？,sjtKzBs
交朋友询问情况,[中] 能听懂一点，但不会说。,听是听得懂一眼眼，讲是讲勿来额。,s7tOzBW
你们都是销售吗,[中] 你是做什么的？,侬是做啥额？,sKtfzBP
你们都是销售吗,[中] 我是我们公司的销售。,吾是阿拉公司个推销员。,sStPzBo
你们都是销售吗,[中] 那位是做什么的？,埃面一位是做啥额？,sjtYzCP
你们都是销售吗,[中] 他也是销售。,伊也是推销员。,satUzCq
你们都是销售吗,[中] 这位女士是不是销售？,搿位女士是推销员伐？,s0tUzCT
你们都是销售吗,[中] 不是的，她是我们的人事主管。,勿是个，伊是阿拉额业务主管。,sLtezCj
你们都是销售吗,[中] 站在门口的那个人是你们经理吗？,立辣窗口头额搿个人是 (亻那)经理，对伐？,sytszDh
你们都是销售吗,[中] 对，他是我们经理。,对额，伊是阿拉经理。,shtnzDm
你们都是销售吗,[中] 这些人是干嘛的？,搿眼人做啥事体额？,s4trzDY
你们都是销售吗,[中] 可能是公司员工。,大概是点公司员工。,sHt8zDi
你们都是销售吗,[中] 他们不是公司员工吗？,伊拉勿是公司员工啊？,sStEzDp
你们都是销售吗,[中] 这我倒不太清楚。,个吾倒勿大晓得。,svtvzE2
认识交友,[中] 今天很抱歉，让你等了这么长时间。,今朝老勿好意思额，叫侬等了介许多辰光。,s8t7zEZ
认识交友,[中] 别客气，我没事儿。,勿要客气，我没关系额。,sMtyzED
认识交友,[中] 这位是杰克先生。,搿个是杰克先生。,sZtQzEg
认识交友,[中] 她是我的朋友。你们认识吗？,伊是我额朋友。亻那宁得伐？,sptvzF2
认识交友,[中] 我们不认识。,阿拉勿宁得。,s9t4zFz
认识交友,[中] 我来给你们介绍下。,吾来帮亻那介绍一下。,s2tTzFX
认识交友,[中] 请问，这位女士是谁？,请问，搿位女士是啥人？,sItrzFo
认识交友,[中] 她叫珍妮。,伊叫珍妮。,sVtvzFW
认识交友,[中] 认识你们，我很高兴。,认得亻那，我老高兴额。,svt8zGl
认识交友,[中] 大家交朋友，以后相互关照。,大家B朋友，下趟多多关照。,sjtXzGy
时间,[中] 请问，现在几点？,对勿起，现在啥辰光了？,s2zhzz6
时间,[中] 9点45分。,十点缺十五分。,sLzszzq
时间,[中] 你们约好什么时间碰头？,亻那约好来啥辰光碰头额？,sUzUzza
时间,[中] 还有半个小时，时间很充裕。,还有半个钟头，辰光老充裕额。,srz4zyB
时间,[中] 我中午12点半还要去浦东。,我中浪相十二点半还要到浦东去。,sazAzy3
时间,[中] 晚饭还没好，要到6点半。,夜饭还没好，要到六点半。,sGzlzy6
时间,[中] 我在一个小时前就吃好午饭了。,我辣一个钟头以前就吃了中饭。,sVzdzyw
时间,[中] 明天你要9点钟来这里。,明朝侬九点钟要到搿搭来。,sqzpzxJ
时间,[中] 他在那住多久了？,伊辣埃面的住了多少辰光了？,sbzhzxg
时间,[中] 我等你很久了！,吾等了侬老多辰光了。,sCzLzx8
询问日期,[中] 小张，你是哪一年出生的？,小张，侬是阿里一年养额？,stzdzwq
询问日期,[中] 1982年生的。,一九八二年养额。,sfzbzwg
询问日期,[中] 你生日是几月几号？,侬生日几月几号？,s5zWzwL
询问日期,[中] 10月18号。你呢？,十月十八号。侬萨辰光生额？,sGzAzwC
询问日期,[中] 我比你小4个月。,吾小侬四个号头。,sZzazwb
询问日期,[中] 今天是什么日子？,今朝是啥日脚？,sqzDzvC
询问日期,[中] 今天是7月25日。,今朝七月二十五号。,shzezv7
询问日期,[中] 今天星期几？,今朝礼拜几？,s5zDzvL
询问日期,[中] 明天正好星期天。,明朝正好礼拜天。,sEzYzvJ
询问日期,[中] 我在医院住了几个星期。,吾医院里住了几个礼拜。,sPzKzvE
询问日期,[中] 你回家乡住多少天？,侬回到家乡去住几天日脚？,skzmzun
询问日期,[中] 上个月是9月份吗？,上个号头是九月份伐？,s8zvzu2
询问日期,[中] 这个月是几月？,搿个号头是几月份？,sEzlzuM
询问日期,[中] 去年8月你在哪儿？,去年八月份侬辣阿里的？,sOzxzux
天气情况,[中] 今天天气好。,今朝天气老好额。,syznzti
天气情况,[中] 昨天天气怎么样？,昨日是啥天气啊？,soz9zt4
天气情况,[中] 昨天下了一天雨。,昨日落了一天额雨。,sdzQztS
天气情况,[中] 明天天气会好吗？,明朝天气会得好伐？,s2zuztt
天气情况,[中] 明天要下雪。,明朝要落雪。,sIzIztX
天气情况,[中] 一大早就是阴天。,一个上半天是阴天。,sUzqztf
天气情况,[中] 下午大概转晴。,下半天大概天转晴。,sizEzs3
天气情况,[中] 最近天气很冷，常常零下2，3度。,搿抢天气老冷额，常常冷到零下两三度。,s5zOzsL
天气情况,[中] 上海夏天最高温度要三十八九度，真快热死了！,上海热天最高温度要到三十八九度，真是热煞！,sQzkzsf
天气情况,[中] 为什么这两天一天比一天热？,为啥搿两天一天比一天热？,skzAzrA
天气情况,[中] 啊，现在倒有点风了，稍微凉快点。,喔，现在倒有点风了，稍微风凉点了。,s5zizrn
天气情况,[中] 天气预报说，今天傍晚有雷阵雨。,天气预报讲，今朝夜快要落雷阵雨。,sPzVzrk
问路,[中] 请问中山北路52号在哪儿？,谢谢侬中山北路五十两号辣辣阿里搭？,s8zIzoy
问路,[中] 向右转走到第2条弄堂就是。,朝右转弯走到第二条弄堂就是了。,sJz8zob
问路,[中] 请问去大世界怎么走？,请问到大世界去哪能走？,syzbznk
问路,[中] 你一路往前走，过了红绿灯就到了。,侬一直里朝前头走，过了红绿灯就到了。,slz1zn5
问路,[中] 那么去人民广场怎么走？,葛末到了人民广场哪能介走法？,sHzOznY
问路,[中] 这里是南京路、西藏路口。,此地是南京路、西藏路口。,sWzJznv
问路,[中] 你从这里过去到那里，穿过第二条横马路就是。,侬从搿搭过去到埃面，穿过第二条横马路就是。,spzfzmj
问路,[中] 右拐马路对面过去一点就到了。,右转马路对面过去点就到了。,s3zQzmk
问路,[中] 怎么这么远啊？,哪能介远额？,sLz3zmR
问路,[中] 从这儿到那儿是很近的？,从搿搭到埃面老近额？,sUzFzmF
问路,[中] 那儿有个书报亭，另一边有家超市，你看到没？,埃面有只书报亭，搿面有爿超市，侬看得到伐？,stzgzl3
问路,[中] 你到那边拐弯角上去乘地铁。,侬到搿搭转弯角子浪去乘地铁。,s7zCzly
问路,[中] 先要坐44路车坐2站，再转地铁1号线，可以到。,先要乘44路两站，再转地铁一号线，可以到了。,sHzXzlu
问路,[中] 挺远的，我们打的去算了。,葛是路蛮远个，阿拉叫差头去算了。,spzMzkv
辨认事物,[中] 这是什么东西？,搿是啥物事？,sqzozh1
辨认事物,[中] 这是笔记本电脑。,搿是笔记本电脑。,sizlzhX
辨认事物,[中] 这是你的笔记本电脑？,搿是侬个笔记本电脑？,s9zOzhJ
辨认事物,[中] 不是，是我儿子的笔记本电脑。,勿是额，是吾儿子额笔记本电脑。,sAzPzh6
辨认事物,[中] 这些是谁的光盘？,搿眼是啥人额光盘？,sRzxzh7
辨认事物,[中] 这些是我们的光盘。,搿眼是阿拉额光盘。,syzAzgU
辨认事物,[中] 那些不是你们的光盘？,埃面一眼是亻那个光盘？,smzyzgi
辨认事物,[中] 那儿的光盘是他们的。,埃面额光盘是伊拉额。,sczkzg4
辨认事物,[中] 这台电脑是不是他一直在用？,搿台电脑一直是伊用额伐？,s1zTzgd
辨认事物,[中] 不，是我一直在用。,没噢，一直吾辣用。,sLzazgq
你喜欢吃什么,[中] 你要什么饮料？,侬要喝啥饮料？,sIzezd4
你喜欢吃什么,[中] 我要一杯奶茶。,吾要一杯奶茶。,sQzCzdc
你喜欢吃什么,[中] 你喜欢吃什么？,侬欢喜吃点啥？,sYzFzdM
你喜欢吃什么,[中] 你可以给我吃点奶油五香豆。,侬可以拨吾一点奶油五香豆。,sszczcC
你喜欢吃什么,[中] 你喜欢哪块？这块还是那块？,侬欢喜阿里一块？个块还是埃块？,sKzSzcg
你喜欢吃什么,[中] 没关系，随便哪块。,没关系，随便阿里一块。,swzUzb0
你喜欢吃什么,[中] 还要多少？,还要多少？,sjzRzbf
你喜欢吃什么,[中] 还要一点。,还要一眼眼。,sdzJzbT
你喜欢吃什么,[中] 你比较喜欢哪个？,阿里一只侬欢喜一眼？,s5z0zbO
你喜欢吃什么,[中] 我都不要。,我一只也勿要。,sFz0zbm
赞成和反对意见,[中] 你赞成他做的事情吗？,伊做个事体侬赞成个伐？,sNz7z4C
赞成和反对意见,[中] 我当然同意。,吾当然同意个。,sYz7z4y
赞成和反对意见,[中] 你到底答应吗？,侬答应勿啦？,stzvz37
赞成和反对意见,[中] 我从来没有答应过。,勿答应，吾从来没答应过。,smzkz3V
赞成和反对意见,[中] 你知道他考GRE、TOEFL吗？,伊考GRE、TOEFL，侬晓得勿啦？,s9zRz3s
赞成和反对意见,[中] 我不清楚。,吾勿大清桑。,sHzvz3t
赞成和反对意见,[中] 你愿意去海滩吗？,海滩高头侬高兴去伐？,sOzGz32
赞成和反对意见,[中] 你不准备去吗？,侬阿是勿准备去？,sZz7z37
赞成和反对意见,[中] 我不愿意做保姆。,要吾做保姆，吾勿情愿去。,ssz4z2R
赞成和反对意见,[中] 我不会反对他去。,吾勿会反对伊去额。,sdzDz28
赞成和反对意见,[中] 你怎么连动也不动？,侬哪能动也勿动额？,sEzVz2w
赞成和反对意见,[中] 我理也不要理他！,啥人睬伊！吾睬也勿要睬伊！,sPzjz2y
绅士购衣,[中] 小姐，我想买件样子好点的西装。,小姐，我想买一件西装，样子好一眼个。,sFzMzZ1
绅士购衣,[中] 这里一排都是进口面料的欧版西装。,搿搭一排侪是进口面料欧版个西装。,syyEzzu
绅士购衣,[中] 这种比那种颜色深一点。,搿种颜色比伊种稍为深一点。,shyhzzx
绅士购衣,[中] 你看这两件做工要比那些好。,侬看搿两件做工要比伊面个考究。,s3yLzzp
绅士购衣,[中] 我看你穿颜色淡点的更加好。,你看侬穿稍为淡一点个颜色更加好。,sPykzzJ
绅士购衣,[中] 我比你高一点，有没有比这个大一号的尺码？,我比侬长一点点，比搿个尺码大一点个有伐？,ssygzyf
绅士购衣,[中] 旁边一排衣服跟这里的衣服都一样。,旁边一排衣裳跟搿搭个衣裳没啥两样。,s9y7zyf
绅士购衣,[中] 深藏青没黑色好看，是不是？,深藏青阿是及勿上黑颜色好看？,szyyzxN
绅士购衣,[中] 这里的衬衫没那里的服帖。,搿搭额衬衫呒伊面个挺刮。,sly5zxV
绅士购衣,[中] 你看那件好点吧？,侬看埃面一件要好点伐？,s8yszx7
绅士购衣,[中] 这条领带颜色亮一点，跟这件西装比较配。,搿条领带颜色亮一点，跟搿件西装比较配。,sEybzx8
绅士购衣,[中] 这些西装跟那些一样，全部打九折。,搿眼西装脱埃面额一样，全部打九折。,sZybzxw
淑女买首饰,[中] 先生小姐，你们需要买什么首饰？,先生小姐，亻那要买点啥个首饰？,shy2zww
淑女买首饰,[中] 让我们先看看。,让阿拉先看看再讲。,s1y3zw0
淑女买首饰,[中] 现在铂金首饰非常受欢迎。,现在铂金首饰邪气热闹。,sJyozwL
淑女买首饰,[中] 小姐已经有个戒指，要不要再配条铂金项链？,小姐已经有一只戒指，要勿要配条铂金项链？,sVyczwf
淑女买首饰,[中] 可以。你这有哪几种款式，给我看看。,好个。亻那搭有几种款式，拨我看看叫。,skypzvM
淑女买首饰,[中] 这一排有十二条，都很不错。,侬看我搿搭一排生有十二条，侪老灵个。,sNy8zvd
淑女买首饰,[中] 那边柜台里也有很多呢。,还有埃面柜台里向也有交关。,sqyXzue
淑女买首饰,[中] 我看这条挺大方的。,我看搿条蛮大方额。,scyMzuy
淑女买首饰,[中] 先生眼光真好，要不要试戴一下？,先生眼光真好，阿要试试戴戴看？,s2yGzuy
淑女买首饰,[中] 你看，很漂亮！,侬看，瞎嗲！,sPyhzuE
淑女买首饰,[中] 我觉得太贵，再说没什么特别好看……,我觉着价细忒贵，再讲没啥特别好看……,szyPztL
淑女买首饰,[中] 那我们到别的地方再去看看。,要末阿拉到别个地方再去看看。,sfyQztH
美容院里,[中] 欢迎光临，小姐今天要剪发还是烫发？,欢迎光临，小姐今朝头发要剪一剪还是烫一烫？,s0yKztN
美容院里,[中] 这有游离子烫、负离子烫、直板烫、钢丝烫。,搿搭烫发有游离子烫、负离子烫、直板烫、钢丝烫。,sXykzt7
美容院里,[中] 不用，洗洗再吹吹吧。,用勿着，一、吹一吹就可以了。,scyrzs9
美容院里,[中] 你要干洗还是湿洗？,侬要干还是湿啊？,sPyDzsJ
美容院里,[中] 干洗吧。,干好了。,szyJzrS
美容院里,[中] 轻点还是重点？,轻一眼还是重一眼？,ssyjzrT
美容院里,[中] 现在正好。,现在正好，勿重也勿轻。,shyczrx
美容院里,[中] 头还痒吗？如果不痒，就去冲掉它好吗？,头还痒兮兮伐？勿痒末，去冲脱伊好伐？,s3yCzrG
美容院里,[中] 要帮你再按摩一下吗？,挨下来，脱侬按摩要伐？,sRyozrf
美容院里,[中] 我们还有做面膜、修眉毛、蒸面、香熏、指压。,阿拉还有得做面膜、修眉毛、蒸面、香熏、指压。,swyqzqa
美容院里,[中] 如果小姐要的话，可以打八折。,假使小姐要个言话，好打额八折。,s8yuzqx
美容院里,[中] 谢谢，没时间了，我只要揉揉背和腰就好。,谢谢，没辰光了，我只要捏捏背跟腰好了。,sFy1zqp
菜场买菜,[中] 阿姨，今天竹笋很新鲜，称几斤去怎么样？,阿姨，今朝竹笋老嫩个，称两斤去哪能？,sJy2zmj
菜场买菜,[中] 多少钱一斤？,几钿一斤？,syyAzlR
菜场买菜,[中] 一斤四元五角，很便宜的！,四块五角一斤，(口强)得来！,ssykzlW
菜场买菜,[中] 这么贵，太贵了！,介贵个，贵得一塌糊涂！贵了屋里相也勿认得了！,sdypzlx
菜场买菜,[中] 别瞎说，你看，我这的竹笋是最好的!,帮帮忙噢，侬看看，我搭个竹笋是顶好个！,sHyqzlE
菜场买菜,[中] 是吗？那再便宜点！,真额啊？葛卖便宜一眼末好！,shy0zkJ
菜场买菜,[中] 不行，我不能做赔本生意。,勿来三个，我勿好做折本生意额！,s1yezkL
菜场买菜,[中] 好吧，好吧。你给我份量要称足。,好好好。侬份量要称称足。,sMyczkV
菜场买菜,[中] 好的！,一句言话！,sYyrzk3
餐厅用膳,[中] 今天我请客。,今朝我来请客。,svyZzjL
餐厅用膳,[中] 挑一家好点的饭店。,拣爿好吃点个饭店去吃。,sly7zjN
餐厅用膳,[中] 你来点菜。,侬来点菜好。,sayZzjU
餐厅用膳,[中] 你们那什么菜最有特色？,亻那搿搭啥个菜最有特色？,s1yOzj5
餐厅用膳,[中] 我们有烤乳鸽，吃上去又嫩又香。,阿拉有只烤乳鸽，吃起来嫩笃笃，香喷喷。,sKyMzj0
餐厅用膳,[中] 点个清蒸鲈鱼好，还是蚝油牛肉好？,叫只清蒸鲈鱼好呢，还是蚝油牛肉好？,svyqziw
餐厅用膳,[中] 点条活杀大王蛇好吗？,弄条活杀大王蛇吃吃好伐？,s2y3zii
餐厅用膳,[中] 叫一个腌笃鲜吧。,来只腌笃鲜末好。,sKy0ziM
餐厅用膳,[中] 我要吃本地菜，浓油赤酱的栗子红烧肉。,我要吃本邦菜，栗子红烧肉，浓油赤酱额。,sWy2ziR
餐厅用膳,[中] 猪蹄煮得嫩一点，可以吗？,蹄膀笃得酥一点，听到伐！,sgy5zhO
餐厅用膳,[中] 蹄筋不能炒烂了，听到吗？,蹄筋勿好炒了糊达达额噢！,s1yPzhS
餐厅用膳,[中] 肉丝切得非常细，臭豆腐炸得非常香！,肉丝切得来绝绝细，臭豆腐干煎得来喷喷香！,sLylzhV
餐厅用膳,[中] 这只鸭子没煮嫩。,搿只鸭子勿太酥。,stySzgY
餐厅用膳,[中] 我拿去再把它煮一下。,我来拿去再烧烧伊。,sjyMzgY
餐厅用膳,[中] 再等等，马上就好！,稍为等一歇，马上就好了噢！,s9yUzg7
餐厅用膳,[中] 这么多菜够吃了！,点搿眼菜有得吃！,sFyczgA
餐厅用膳,[中] 饭不要盛得很多。,饭勿要盛了拍拍满。,sZyazgv
餐厅用膳,[中] 今天我结账。,买单！今朝我挺帐。,spyizfJ
餐厅用膳,[中] 不用，AA制吧！,勿要噢，劈硬柴好！,scyMzfo
选择环境,[中] 这里小区的绿地面积多大？,搿搭小区绿地面积有多少？,sEy0z9a
选择环境,[中] 占建筑面积百分之多少？,占建筑总面积百分之几？,sSypz9B
选择环境,[中] 有什么公共设施？,公共设施有眼啥？,swyVz8n
选择环境,[中] 比如，小区健身房、儿童乐园、图书馆等有吗？,譬如讲，小区健身房、儿童乐园、图书馆K(亻齐)有。,slyHz8s
选择环境,[中] 小区旁边出行方便吗？,小区旁边进出方便伐？,sCyuz8x
选择环境,[中] 比如，我要到市中心，有什么车可以坐？,譬如讲，我要到市中心，有啥车子好乘出去伐？,sNybz8F
选择环境,[中] 这里换地铁和轻轨方便吗？,搿搭要调地铁脱轻轨便当伐？,styYz7D
选择环境,[中] 我如果要上高架，哪个路口离这里最近？,我假使要上高架，阿里个路口离搿搭最近？,s1yoz7y
选择环境,[中] 这周围有没有菜市场跟大型超市，买生活用品？,搿搭周围有勿有小菜场跟大型超市，生活用品买？,sSy3z7o
选择环境,[中] 朝南窗口前面还会造高楼，会挡住阳光跟视线吗？,朝南窗口前头还会得造高楼，牢阳光帮视线伐？,skyGz6C
选择环境,[中] 周围环境怎么样？安静吗？晚上会不会吵？,周围环境哪能介？静勿静？夜里相向吵勿吵？,sEyVz6r
选择环境,[中] 小区安全吗？夜里有照明设施吗？,小区安全伐？夜里向有照明设施伐？,sZyUz6K
购房搬家,[中] 我快要搬家了。,我要搬场快了。,spypz23
购房搬家,[中] 我买了徐家汇附近的高层。,我买了徐家汇附近个高层。,siyGz2m
购房搬家,[中] 你的新家地段真好，现在大家都是看地段和房型的。,侬搬个真是好地段，现在大家是吃地段吃房型个、额。,s7yZz2Q
购房搬家,[中] 我住十八楼，卧室和大厅都朝南。,我搬辣十八楼，大房间帮大厅侪朝南。,sPyWz2N
购房搬家,[中] 你的房子得房率高不高？面积大不大？,侬个房子得房率高勿高？面积大勿大？,sqyXz1J
购房搬家,[中] 三室两厅两卫，建筑面积是一百三十六平米。,三房两厅两卫，建筑面积一百三十六个平方。,sOy2z1g
购房搬家,[中] 太棒了！是毛坯房还是精装房？,勿要忒赞噢！是毛确炕故亲靶薹浚,snydz0n
购房搬家,[中] 毛坯房，现在正在请人装修。,毛坯房！现在辣辣请人装修。,s6ymz0D
购房搬家,[中] 那里的物业管理好不好？管理费贵吗？,埃面搭个物业管理好勿好？管理费贵伐？,sGyVz00
购房搬家,[中] 一般，中等。,马马虎虎，侪一般性。,sXydz0x
购房搬家,[中] 你购房款都付了吗？,侬房子钞票一次性侪付脱了伐？,sqymzAc
购房搬家,[中] 我只付了首付，余额是按揭付的。,我只付了首期房款，其他额侪贷款。,scydzAi
宾馆订房,[中] 小姐，今晚有没有房间？,小姐，今朝夜里有勿有空房间。,sFyKzAt
宾馆订房,[中] 有的，先生您几位？,有个，先生侬几位？,sVyJzAC
宾馆订房,[中] 两位，我们住标准房吧，多少钱一个晚上？,两个，阿拉住标间好了，几钿一夜？,styJzBy
宾馆订房,[中] 这里是三星级宾馆，三百元一晚。,搿搭是三星级宾馆，三百元一夜。,sKyfzB6
宾馆订房,[中] 我们要住三晚。,阿拉要住三夜天。,sYyUzBe
宾馆订房,[中] 给你三楼三零五房间可以吗？,拨侬三楼三零五房间好伐？,ssy4zC8
宾馆订房,[中] 好的。房间里长途电话可以打吗？,好个。房间里长途电话可以直拨伐？,sfyszCY
宾馆订房,[中] 在房间里只能打市内，长途可以到总台来打。,房间里只好拨市内，长途可以到总台来打。,s0yGzC3
宾馆订房,[中] 顺便问一下，餐厅几点开始营业？,再问声，餐厅夜里几点钟开门？,sSybzC0
宾馆订房,[中] 先生，请出示护照或身份证，让我登记一下。,先生，请侬拿护照或者身份证让我登记一下。,styKzDX
在公共车上,[中] 往外滩方向的126车站在哪里乘？,126路公共汽车站头，到外滩去，辣啥地方？,saykzD3
在公共车上,[中] 这辆车去静安寺吗？,搿部车子到静安寺伐？,sJyHzD9
在公共车上,[中] 到常熟路站，请叫我一下。,到了常熟路，请侬叫一声我。,sUy6zDe
在公共车上,[中] 我已经刷过卡了。,我已经刷过卡了。,sjyyzEn
在公共车上,[中] 我乘过站了，怎么办？,我乘过头了，哪能办？,sayHzEI
在公共车上,[中] 这辆是区间车，到梅陇新村要乘另一辆。,搿部是区间车，到梅陇新村要乘另一部。,s0ybzEl
在公共车上,[中] 下一站是哪里？,下头一站是啥地方？,sSyKzEI
在公共车上,[中] “美丽园”站到了没有？,“美丽园”到了伐？,sxySzFn
在公共车上,[中] 还有两站。,再乘两站。,spywzFF
在公共车上,[中] 对不起，请让我下车。,对勿起，让一让，我下车。,sjyAzFG
在出租车上,[中] 那么晚了，别坐公交车了！叫出租车吧。,介夜了，还乘啥公交车！叫差头伐。,s7y7zFy
在出租车上,[中] 别等了，我来叫辆出租车。,勿要等，我来拦一部差头。,sJyuzFY
在出租车上,[中] 我们要到虹桥路延安西路路口。,阿拉要到虹桥路延安西路。,sVyIzF4
在出租车上,[中] 要不要上高架？,要勿要上高架走？,sfyQzGP
在出租车上,[中] 随便怎么走，怎么快就怎么走！,随便哪能走，哪能快就哪能开！,s5ygzGR
在出租车上,[中] 那么上高架走。,葛末就上高架走。,sJySzGa
在出租车上,[中] 哎哟，碰上堵车，急人！,喔唷，碰着堵车，急煞人了！,sTyZzGT
在出租车上,[中] 就在这停车吧。,就搿搭停车好。,spy9zHd
在出租车上,[中] 刷卡还是现金？,侬是拉卡还是付现金？,sgyFzHU
在出租车上,[中] 拿好发票，别忘了你的东西。,发票拿好，物事勿要忘记辣车子高头。,s5y8zHP
购火车票,[中] 今晚去广州的火车票还有吗？,今朝夜到去广州个火车票还有伐？,sLyKzHl
购火车票,[中] “直快”没有了，“特快”还有。,“直快”车票没了，“特快”还有。,syy3zIj
购火车票,[中] 给我订张“特快”车票。,帮我定一张“特快”车票。,sjytzIr
购火车票,[中] 你要硬座还是卧铺？,侬要硬座还是卧铺。,sCyhzI9
购火车票,[中] 软卧还有吗？,软卧还有伐？,sMynzI9
购火车票,[中] 让我看看，对不起，只有硬卧了。,让我看一看，对勿起，只有硬卧票了。,sUyxzIe
邮局寄件,[中] 小姐，这封信寄到旧金山需要贴多少钱？,小姐，搿封信寄到旧金山，邮票贴多少？,sdyWzMs
邮局寄件,[中] 把信放在秤上称一下，再告诉你。,信放辣秤高头称一称再告诉侬。,sPyEzMT
邮局寄件,[中] 我要寄钱给我妈妈，给我一张寄款单可以吗？,我要寄钞票拨姆妈，拿张寄款单拨我好伐？,svyFzNJ
邮局寄件,[中] 自己可以在桌上拿。,台面浪自家拿。,scypzNh
邮局寄件,[中] 请问最后一次开信箱在什么时候？,请问辣末一趟开信箱是啥辰光？,s4ymzNH
邮局寄件,[中] 五点钟，你的信赶快投进去还来得及。,五点钟，信快点下去还来得及。,sKyMzNk
邮局寄件,[中] 寄挂号信是不是会快一点？,寄挂号信是勿是好快一点？,szyzzO0
邮局寄件,[中] 寄挂号信保险点，但会比较慢。,挂号信是保险一点，勿会快反而慢。,soyEzO9
打电话,[中] 我要打个电话给我女儿。,我要打只电话拨我囡儿。,sbyLzU2
打电话,[中] 这是自动投币电话，需要一元硬币打的。,搿是自动投币电话，用一块硬币来打额。,sAyCzUS
打电话,[中] 是长风饭店吗？请转328分机。,长风饭店是伐？请转328分机。,sry0zVk
打电话,[中] 老王，有你电话。,老王，有电话寻你。,say9zVG
打电话,[中] 请问你是鹿鸣书店的老板吗？,请问侬阿是鹿鸣书店额老板？,sByhzVy
打电话,[中] 你声音大一点，我听不清楚！,侬声音大一点，我听勿出！,sOyrzVx
打电话,[中] 对不起，没人接电话。可能他出去了。,对勿起，没人接电话。大概伊出去了伐。,szy2zWu
打电话,[中] 请你转达李民先生，说我十点钟打过电话给他。,请侬告诉李民先生，讲我十点钟打过一只电话拨伊。,sgykzWr
打电话,[中] 明天中午叫他们打个电话给我。,明朝中浪向叫伊打拨我只电话。,sFy2zWD
打电话,[中] 稍等，他马上来接电话。,稍微等一歇，伊马上来接电话。,sSyczWE
快递稿子,[中] 喂，请问现在能马上帮我快递一叠稿子吗？,喂，请问现在脱我马上送一叠稿子好伐？,sNyvzYo
快递稿子,[中] 可以，你住在哪里？,好个。侬住辣啥地方？,sty9zZF
快递稿子,[中] 我住在愚园路1136弄2号。,我就住辣愚园路1136弄2号。,siyDzZ1
快递稿子,[中] 我们派人在半个小时里去你那取快递。,阿拉派人半个钟头里向到侬个搭来拿。,sByRzZY
快递稿子,[中] 需要多少时间可以送到？,多少辰光好送到？,sSyWzZT
快递稿子,[中] 收件地址在哪里？,侬要送到阿里的？,sxxnzz8
快递稿子,[中] 我要送到上海文艺出版社。,我要送到上海文艺出版社。,spx6zzg
快递稿子,[中] 请告诉我详细地址。,请侬告诉我详细地址。,sJxozzb
快递稿子,[中] 今天上午就能送到，快递费10元。,今朝上半天就可以送到，快递费收10元详钿。,sUxBzzL
快递稿子,[中] 那我等着，你马上来取吧！再见！,葛末我等辣海，侬马上来噢，再会！,slxazym
商店购物,[中] A4纸到哪里买？,A4纸头到啥地方买？,sAxCzqL
商店购物,[中] 这东西多少钱？,搿个物事几钿？,sKxuzqN
商店购物,[中] 这个相机拿给我看看。,搿只照相机拿出来拨我看看叫。,sPxYzqd
商店购物,[中] 这种样式的钱包你们有卖吗？,搿种样子个皮夹子(亻那)有得买伐？,shxNzpT
商店购物,[中] 价钱是二十五元五角。,价钿是廿五块五角。,s3xhzpe
商店购物,[中] 这么贵！可以再便宜点吗？,介贵额！可以便宜点伐？,sFx2zpT
商店购物,[中] 太难看了，有没有新款？,忒难看了，有勿有款式新一点额？,sRx4zpY
商店购物,[中] 你看这两种哪种好？,侬看搿个两样当中阿里一样好？,stxgzof
商店购物,[中] 虽然比较新款，但价钱太贵！,时髦是时髦一点了，价钿忒大！,sgxNzoM
商店购物,[中] 不要这么差的，要正宗一点的！,勿要介蹩脚额，要正宗一眼额！,s1xpzop
商店购物,[中] 今天这些东西大减价，随你选。,今朝搿眼物事大减价，侬听拣好。,sNxbzo5
商店购物,[中] 别是假货吧？,勿要是大兴货噢，小地方生产个！,sxxXznx
商店购物,[中] 货是正宗的！我们从来不做一次性生意的。,货色乓乓响个！阿拉从来勿做一枪头额生意额。,shxoznd
商店购物,[中] 可以打折吗？,价钿好打折头伐？,sJxVzn6
商店购物,[中] 这些是找零。,搿眼是找头。,sSxXzn2
商店购物,[中] 给我开张发票。,帮我开张发票。,szxqzmz
小摊还价,[中] 现在到处有“超市”，可以一次性买很多东西。,现在到处有“超市”，一记头可以买交关物事。,sqxozmv
小摊还价,[中] 不过上海还有不少路边摊，买东西可以讨价还价。,不过上海还有勿少小摊头，买物事可以讨价还价。,s8xszmV
小摊还价,[中] 喂，这橘子一斤多少钱？,哎，搿眼橘子几钿一斤啊？,sMxlzmi
小摊还价,[中] 写在那，十元五斤，我可以卖你十元六斤。,写辣海十块五斤，我可以卖拨侬十元六斤。,sWxMzmJ
小摊还价,[中] 我多买一些，可以再便宜点吗？,我多买点，好再(口强)一眼伐？,snxMzlk
小摊还价,[中] 你看底下有很多小的。,侬看下头两只噶小额。,saxbzlM
小摊还价,[中] 我这是统货，你要挑的话，就只能卖十元五斤。,我是统货，侬要拣末，就只好十元五斤。,s0xhzlM
小摊还价,[中] 可以可以！就十元买五斤吧。,好了好了！就十元五斤伐。,syxqzkC
小摊还价,[中] 这个秤有问题吗？,侬只秤有问题伐？,soxIzkv
小摊还价,[中] 我天天在这里做买卖，不会让你吃亏的！,阿拉天天辣搿搭做生意，勿会叫侬吃亏额！,sfxnzk9
小摊还价,[中] 那么再加我两只！,葛末再加我两只！,sCxqzki
小摊还价,[中] 好吧，拿去吧。,好额，侬拿去好了。,sKxDzkD
朋友约会,[中] 在这个茶室里碰头，情调不错。,辣辣搿搭茶室里碰头，情调勿推扳。,snxQzgk
朋友约会,[中] 你要喝什么茶？泡壶柠檬红茶好吗？,侬要吃啥茶？来壶柠檬红茶喝喝好伐？,s6xjzgI
朋友约会,[中] 再点些瓜子、腰果、杏仁什么的尝尝。,再弄点瓜子、腰果、杏仁K啥剥剥。,sMxDzgn
朋友约会,[中] 王兄，你现在在做什么生意？,王兄，侬现在辣辣跑啥生意了？,syx9zf1
朋友约会,[中] 这两天我辞职了，下个月有家独资公司聘我去工作。,搿两日工作我回头脱了，下个月有家独资公司聘我去。,skxMzfW
朋友约会,[中] 大哥真行!哪像我待在半死不活的公司里。,老兄有噱头个！勿像我死样怪气个单位里捂辣海。,sPxUzfr
朋友约会,[中] 你应该跳槽，我介绍你到我连襟的公司作。,侬应该跳槽，我介绍侬到阿拉连襟额公司去做。,ssxDze4
朋友约会,[中] 你的艺术细胞很丰富，所以做装潢设计完全有能力。,侬额艺术细胞太丰富，做装潢设计完全来赛。,s9xeze1
朋友约会,[中] 给你添麻烦了！,帮侬添麻烦了！,sJxIzex
朋友约会,[中] 朋友之间，我既然说出口，就会帮忙帮到底的。,朋友淘里，我讲出了末，就帮忙帮到底。,sRxLze8
谈恋爱,[中] 我就知道你会来！,我晓得侬会来个！,srxazdb
谈恋爱,[中] 你不来谁来呀?,我勿来末啥人来啊？,sixzzd5
谈恋爱,[中] 你真那么好吗？,侬真介好啊？,s9xHzdz
谈恋爱,[中] 我对别人都不好，是因为你发指示叫我来谈话我。,我对别人侪勿好，因为侬发调头叫我来讲讲言话。,s1xuzdX
谈恋爱,[中] 那你把频道换掉也可以。,葛末侬频道隔脱伊好。,sSxtzdT
谈恋爱,[中] 我单身的日子过厌啦！,我单飞日脚过得厌脱！,sjxjzc2
谈恋爱,[中] 我倒觉得还不错。,我倒觉着蛮好额。,s8xkzcW
谈恋爱,[中] 我会后悔一辈子的，是吗？,我会的后悔一辈子伐？,sAxvzc3
谈恋爱,[中] 不说了！我们去周庄玩怎么样？,勿谈了！阿拉到周庄去白相好伐？,sIxTzct
谈恋爱,[中] 他们两个人的爱情，已经进一步了。,伊拉两家头个爱情，已经升了一个台阶。,sYxszc9
探望病人,[中] 我刚知道你生病了，所以下班来看望你。,我刚刚晓得侬辣生毛病，葛K下仔班来望望侬。,slxtzbW
探望病人,[中] 我一点小病，你用不着来看我！,我一点点小毛病，侬用勿着来看我额！,s4xQzbg
探望病人,[中] 你身体一直非常好，怎么突然住院了？,侬一向身体好来死额，哪能辣末生头住医院了？,sLxCzbe
探望病人,[中] 是啊，岁月不饶人，今年都四十二了。,是个呀，年纪大了，今年四十二岁了。,svx2zaR
探望病人,[中] 过去从来没发现有病，所以这次有点措手不及。,老早心脏从来没发现毛病，所以搿趟有眼措手勿及。,sbxszaP
探望病人,[中] 以后对身份千万不要大意，免得大家担心。,乃下趟，对身体千万勿好大意，省得大家担心。,sXxUzaM
探望病人,[中] 这次进医院，才知道身体健康最重要。,搿趟进医院，再晓得身体健康最最要紧。,sgxyz9r
探望病人,[中] 以后要经常锻炼，我买了点补品给你吃。,乃要经常锻炼锻炼。我买了点补药把侬吃。,sAx2z9y
帮助做事,[中] 今晚请你帮我把这些DVD碟片带回去。,今朝夜快头请侬帮我拿搿点DVD碟片带回去。,sQxXz95
帮助做事,[中] 你到厨房里拿把锤子给我。,侬到厨房间里一把榔头脱我拿来。,sqxTz8z
帮助做事,[中] 你帮我把这两封信寄出去好吗？,搿两封信侬帮我寄脱好伐？,sbxGz8d
帮助做事,[中] 请你帮我看看，抽水马桶坏了吗？,请侬来帮我看看，抽水马桶坏脱了伐？,sCxPz8j
帮助做事,[中] 我帮你把应用软件统统重新安装。,我索性帮侬拿应用软件统统调脱伊。,sSxpz8f
帮助做事,[中] 灯不亮了，你帮我看看好吗？,灯开勿亮了，侬帮我来看看好伐？,ssxoz7p
帮助做事,[中] 最后一次请你了，你要认真负责点替我做好！,辣末一趟请侬，侬要脱我顶真点做做好！,sdxaz75
帮助做事,[中] 麻烦你帮我把灯关了，我想睡觉。,我谢谢侬帮帮忙，脱我灯关关脱，我想觉了。,szxMz6s
帮助做事,[中] 你把窗门打开，把空调关了！,侬窗门开开，拿空调关脱伊！,sexlz6y
帮助做事,[中] 如果还有其他事情需要我帮忙，就给我打电话。,要是还有别喝个事体要我帮忙，就打电话拨我。,s0xAz6a
我的手机不见了,[中] 我手机不见了，怎么办？,我个手机勿脱了，哪能办？,saxiz1Q
我的手机不见了,[中] 你想清楚，大概在什么时候什么地方丢的？,侬想想清爽，大概辣啥辰光啥地方落脱额？,sBxkz1V
我的手机不见了,[中] 我吃午饭时还打过两个电话，所以那个时候还在的。,我吃中饭个辰光还打过两只电话，所以搿个辰光还辣个。,svxJz0T
我的手机不见了,[中] 那么你下午到过哪些地方？,葛侬下半天到过几个地方？,s6xEz0o
我的手机不见了,[中] 喔，想起来了，忘记在填报名单的桌子上了。,喔，想起来了，忘记辣填报名单个台子高头。,sDxLz0F
我的手机不见了,[中] 现在已经结束了，不知道还能不能找到。,乃已经收场了，勿晓得还寻得着伐了？,sWx6z0I
我的手机不见了,[中] 赶快到那边去看看，快走！,豪燥中饭到埃面去打听，快走！,soxwzAA
我的手机不见了,[中] 唷，电话铃声响了，“喂，是谁？……哦，谢谢！”,唷，电话铃响了，“喂，啥人啊？……噢，谢谢侬！”,sbxLzA3
我的手机不见了,[中] 我的手机找到了，人家打电话来叫我去领了！,我手机找到了，人家打电话来叫我去领了！,sMxAzAa
医院看病,[中] 轮到我了，是吗？,轮到我了，是伐？,sZxyzHv
医院看病,[中] 你坐下来，哪里不舒服？,侬坐下来，有啥勿适意？,ssxPzIE
医院看病,[中] 胸口有点疼，所以吃不下饭。,心口头有眼痛K，饭吃勿落。,sfx7zIo
医院看病,[中] 这里疼是吗？那是胃痛。,阿是搿搭痛？搿个是胃痛。,sPxTzI5
医院看病,[中] 痛了几天了？你以前有胃病吗？,痛了几日了？侬老早胃病有伐？,syxgzJR
医院看病,[中] 痛过，但是没现在这么厉害。,痛是痛过歇个，呒没现在介厉害。,sgxwzJl
医院看病,[中] 胃口怎么样？想不想吐？,胃口哪能？想勿想吐？,s1xbzJh
医院看病,[中] 有点想吐，但是吐不出来。,有点恶心，但是吐勿出来。,sLxzzJP
医院看病,[中] 如果不放心的话，你去做个胃镜检查一下。,勿放心末，侬去做只胃镜查一查。,sWxSzJp
医院看病,[中] 这些药一天吃三次。,搿眼药一天吃三次。,soxlzK1
医院看病,[中] 饭后喝一个瓶盖容量的药水，吃一颗药片。,饭后药水吃瓶盖头一盖头，药片吃一粒。,sexNzKz
医院看病,[中] 以后一定要小心着凉，饭不要吃太多。,乃下趟一定要防止着冷，吃饭勿要吃了过头。,sDxhzKT
应聘,[中] 先生，请你自我介绍一下，有些什么专长？,先生，请侬自我介绍一下，侬有啥个专长？,s9xHzO4
应聘,[中] 我有较强的英语听力、口语、写作能力。,我既有比较强个英文听力、口语、写作能力。,sUxPzOU
应聘,[中] 你为什么要来我们公司应聘？,侬为啥要到阿拉公司来应聘？,smxYzPU
应聘,[中] 因为在你们公司的业务里能发挥我的特长。,因为(亻那)公司个业务能够发挥我个特长。,s9xpzP6
应聘,[中] 你认为自己可以胜任哪些方面的工作？,侬认为自己可以做阿里方面个工作？,sFx4zP2
应聘,[中] 我可以做英中双向翻译，参加和外国人交际谈判。,我可以做中英双向翻译，参加脱外国人交际谈判。,sWxNzPW
报考,[中] 我要报考你们的职业培训班，哪天考试？,我要报考(亻那)个职业培训班，啥辰光考试？,sfxCzQP
报考,[中] 请你把这张表格填好，考试就在这个月12号。,请侬拿搿张表格填好，考试就辣搿个号头十廿号。,sDxfzQS
报考,[中] 如果通过了，要学几个月？,假使考取了，要学几个号头？,sXxrzQf
报考,[中] 要学4个月，上课全部是用业余时间。,要学三个号头，全部用业余辰光。,soxIzRn
报考,[中] 要考哪些科目？有参考书吗？,啥个内容要考？参考书有伐？,s9xWzR3
报考,[中] 你看这张表吧，上面写得很清楚了。,侬看搿张表好，高头已经写清爽了。,sRxpzRk
找工作,[中] 先生，我是来找工作的。,先生，我想寻一份工作。,stxWzSi
找工作,[中] 你想找哪个方面的工作？,侬想找阿里方面额工作？,sgxszSQ
找工作,[中] 做餐馆服务员啊、酒吧招待员啊，都可以。,做餐馆服务员啊、酒吧招待员啊，侪可以。,s5xfzSJ
找工作,[中] 你会说普通话吗？,侬普通话讲得来伐？,sNxxzSM
找工作,[中] 当然会，不过上海话不太会说。,当然会额，不过上海言话讲大勿来。,sVxRzSd
找工作,[中] 没关系，当然最好还是学学上海话。,勿要紧个，当然最好还是买本会话书学学上海话。,spxEzTI
找工作,[中] 海词网要招一个编辑，你有兴趣吗？,海词网要招一个编辑，侬有兴趣伐？,s5xFzTE
找工作,[中] 好啊，薪水多少？有休息天吗？,好个呀，薪金多少？休息日有伐？,sKxzzTI
找工作,[中] 每月2千元，每周2天休息，行吗？,每额号头两千元，每额礼拜休息两天，可以伐？,szxEzUF
找工作,[中] 请你把这张表填一下，等我们的通知。,请侬搿张表填一填，等阿拉拉个通知。,s8xuzUS
无聊的工作,[中] 不是瞎说，我这份工作真是没劲！,勿是瞎讲，我搿份工作真叫呒没劲！,sFx7zUj
无聊的工作,[中] 你常常出差，东南西北闯，太潇洒啦！,侬常常出差，东南西北闯闯，勿要忒潇洒噢！,sUxGzUA
无聊的工作,[中] 长年累月东奔西走的忙死了，生活太没有规律了。,长年累月东奔西走忙煞了，生活忒呒没规律了。,skxrzV5
无聊的工作,[中] 你的差事换给我做就好了。,侬个工作调拨我做做就好了。,s1xVzVW
无聊的工作,[中] 真叫看人挑担不吃力，我和你换一换好吗？,真叫看人挑担勿吃力，我脱侬调一调好伐？,sJxVzVe
无聊的工作,[中] 实在是显得没事干。,空是空得来没事体做。,syxEzWI
无聊的工作,[中] 工资是你的零头，上班时间随便混混。,工资末，是侬个零头；上班末，大家淘淘浆糊。,soxMzWn
无聊的工作,[中] 下班时间还没到，大家就想溜走。,下班辰光勿到末，大家就想滑脚。,s5xpzWy
无聊的工作,[中] 你说有劲吗？,侬讲有劲伐？,sJxpzWR
业余爱好,[中] 除了专业外，你还有什么别的爱好？,侬除脱仔专业之外，还有啥特别额爱好伐？,ssxMzXy
业余爱好,[中] 休息天，你除了看电视外，还喜欢去什么地方转转？,休息日脚侬看电视以外，还欢喜啥地方去转转？,saxizXU
业余爱好,[中] 拍照，是我的一项业余爱好。,拍照，只勿过是我一项业余爱好。,sKxBzXK
业余爱好,[中] 要搞到这套钱币很难，你用了多久搜集齐的？,搿套钱币要弄到邪气难个，侬用了多少长个辰光弄到啊？,sXx8zXL
业余爱好,[中] 我觉得集邮是一种有益的休闲。,我觉得集邮是一种有益额休闲。,sfxPzYG
业余爱好,[中] 我不喜欢出去玩，常常在家泡壶咖啡。,我勿欢喜跑出去白相，常庄辣屋里相泡壶咖啡。,sExQzYC
业余爱好,[中] 他好像对音乐剧什么的很感兴趣，而且还非常内行。,伊好像对音乐剧K啥老感兴趣额，而且还邪气懂经。,sYx9zYA
业余爱好,[中] 我还常常看上海滑稽，或者全家围着电视机。,我还常庄看上海滑稽，或者一家门围牢仔电视机。,sfxJzZu
业余爱好,[中] 打麻将我偶尔玩一下，因为一入迷的话时间都耗掉。,搓麻将我难板来来，因为一上年头起来辰光侪搭脱。,sExuzZ0
业余爱好,[中] 我一上机就没个完，打游戏，看动漫。,我一操机就没底额，游戏打打，动画片看看。,szwBzz1
业余爱好,[中] 你怎么一有空就上网，冲浪灌水挂QQ，一个晚上就给它了？,侬哪能一有空就上网，冲浪灌水打QQ，一个夜头侪伐停额？,s3wjzze
业余爱好,[中] 你有你的爱好，我有我的兴趣，不管你什么事！,侬有侬额爱好，我有我额兴趣，关侬啥事体！,sXwlzzI
洗澡健身,[中] 我有两张洗澡票，今天和我一起去洗澡吗？,我有两张浴票子辣海，今朝告我一道去浴去伐？,siwkzyE
洗澡健身,[中] 洗什么澡？桑拿浴我怕闷死，要不就泡大池。,啥额浴？桑拿我是怕闷煞脱额，要末就大汤泡。,sEwDzy0
洗澡健身,[中] 你这个人真是傻乎乎的，洗洗澡，松松劲，有益血脉调和。,侬搿个人真是戆噱噱，浴，松松筋骨，有益血脉流通。,sZwXzya
洗澡健身,[中] 不过现在家家人都有浴缸，洗个澡不是挺方便的吗？,不过现在家家屋里侪有得浴缸，浴勿是蛮便当额？,sbwEzxm
洗澡健身,[中] 不一样的，在浴池里洗澡，身体泡得彻底！,两样额，浴池里浴末，人泡得来煞根!,sKwJzxl
洗澡健身,[中] 朋友之间，大家谈谈心，非常爽。,朋友淘里，大家谈谈心，老爽额。,swwSzwl
洗澡健身,[中] 你看人家，做按摩，足浴，瘦身，赶时尚。,侬看人家，做按摩K，足浴K，瘦身K，赶时尚。,sgwtzw1
洗澡健身,[中] 你真是傻瓜一个，这么笨！,侬搿额人真是阿木林一只，介拎勿清！,sGwHzwX
洗澡健身,[中] 休闲要休得过瘾，休出情调品位高水平。,休闲要休了扎劲，休出情调品位高水平。,sswGzvS
洗澡健身,[中] 我不能去新天地，坐星巴克，也要走走襄阳路市场啊。,我勿好新天地去去，星巴克坐坐，跑跑襄阳路啊。,s6w1zva
出国签证,[中] 你是公派出去，还是因私出国？,侬是公派出去，还是因私出国？,sUwjzis
出国签证,[中] 你要交几张照片，填几张表格，办签证。,侬要交几张照片，填好几张表格，办好签证。,stwFzhp
出国签证,[中] 签证到现在还没拿到，我真快急死了！,签证到现在还呒没拿到，我真是急煞快！,s8wszhv
出国签证,[中] 请你把护照出示给我看看，还有入境表格填好了吗？,请侬拿护照出示拨我看看，还有入境表格填好了伐？,sIwazh6
出国签证,[中] 你在上海要住多久？,侬辣上海要蹲多少辰光？,syw1zg6
出国签证,[中] 你准备从哪里出境？,侬准备从啥额地方出境？,smwXzg3
出国签证,[中] 你有什么东西需要向海关申报的？,侬有啥额物事需要向海关申报伐？,sawpzga
出国签证,[中] 请你从这儿走，那儿是检查台，检查行李的地方。,请侬从搿搭走，埃面是检查台，检查行李额地方。,sCwEzgR
你的上海话讲真好,[中] 好久不见，你最近好吗？,长远伐见，侬最近好伐？,sPvBzk8
你的上海话讲真好,[中] 我蛮好的，你呢，刚刚从家乡回来阿？,我蛮好额，侬乃，刚刚从乡下头回来啊？,szvjzjD
你的上海话讲真好,[中] 是的，我也蛮好。,是额，我阿蛮好。,sivyzjf
你的上海话讲真好,[中] 怎么你现在上海话说得这么好？,哪能侬现在上海言话刚了噶好？,s9vpzjr
你的上海话讲真好,[中] 是么，我之前一段时间一直在上网学上海话。,是伐，我之前一段辰光一直辣辣网浪相学上海言话。,sBvqzj2
你的上海话讲真好,[中] 网上也能学上海话？,网浪相阿好学上海言话啊？,sVvBzj8
你的上海话讲真好,[中] 是阿，我也是听朋友介绍的。,是额，我阿是听朋友介绍额。,suviziX
你的上海话讲真好,[中] 是什么网站？,是撒网站？,s6vlzis
你的上海话讲真好,[中] 是海词网。我天天去它的上海话词典学习。可以在线查单词，听录音，学对话。,是海词网。我天天到伊拉上海言话词典学习，可以在线查单词，听录音，学对话。,s0vtziG
你的上海话讲真好,[中] 原来你有这么好的工具帮忙。网址是多少？,原来侬有噶好额工具帮忙。网址是多少？,ssvAzhm
你的上海话讲真好,[中] 网址是 dict.cn,网址是 dict.cn,sbvSzhC
